zip,City,Metro,price_aug,price_dec,change_aug_dec,total_emp,info_emp,info_pct
94565,Pittsburg,"San Francisco-Oakland-Berkeley, CA",558488.3231896568,556760.958994283,-0.3092928041016975,47658,533,1.1183851609383524
95076,Watsonville,"Santa Cruz-Watsonville, CA",808698.8155101752,811426.0300854734,0.33723489177831406,36717,558,1.5197320042487132
94112,San Francisco,"San Francisco-Oakland-Berkeley, CA",1034909.4227001575,1059414.9164710694,2.3678877816162154,41816,1229,2.9390663860723167
95823,Sacramento,"Sacramento-Roseville-Folsom, CA",419949.6286184085,418282.6937012419,-0.3969368713697027,34737,560,1.6121138843308287
95035,Milpitas,"San Jose-Sunnyvale-Santa Clara, CA",1394210.3042546043,1424387.9849538298,2.1644999041489372,42140,2239,5.313241575700047
95630,Folsom,"Sacramento-Roseville-Folsom, CA",745243.6895890096,745640.6644818038,0.05326779660664824,39527,598,1.5128899233435373
94544,Hayward,"San Francisco-Oakland-Berkeley, CA",830219.7524864962,819982.28657065,-1.2331031495197777,40332,993,2.4620648616483187
94533,Fairfield,"Vallejo, CA",532674.4271810089,526822.135119087,-1.0986621026455305,36111,345,0.9553875550386309
94513,Brentwood,"San Francisco-Oakland-Berkeley, CA",790610.0541990293,787156.5676984409,-0.4368128740896448,31754,876,2.7587075644013352
95747,Roseville,"Sacramento-Roseville-Folsom, CA",653629.5397352698,656157.0424308284,0.38668734227989005,37563,737,1.9620371109868755
94536,Fremont,"San Francisco-Oakland-Berkeley, CA",1402183.5029319294,1410769.0377070524,0.6122975172059055,35773,1650,4.612417186145977
94110,San Francisco,"San Francisco-Oakland-Berkeley, CA",1193880.555839509,1239818.905185287,3.8478178676320853,40258,2897,7.196085250136619
94509,Antioch,"San Francisco-Oakland-Berkeley, CA",532576.8881734163,526535.3001661528,-1.1344067197478995,33351,376,1.1274024766873556
95687,Vacaville,"Vallejo, CA",570879.9553633048,570118.5867915511,-0.13336754331638767,30431,438,1.4393217442739312
94558,Napa,"Napa, CA",888325.4813605542,882102.1670132723,-0.7005669068222993,32302,447,1.383815243638165
94538,Fremont,"San Francisco-Oakland-Berkeley, CA",1294390.9883448123,1299634.548636744,0.4050986401440321,37592,1282,3.410300063843371
94587,Union City,"San Francisco-Oakland-Berkeley, CA",1235679.4441135533,1224085.5367971282,-0.9382617289342631,35557,1469,4.131394662091852
95624,Elk Grove,"Sacramento-Roseville-Folsom, CA",630041.3194702606,629539.9831592711,-0.07957197337645992,31974,501,1.566898104710077
95123,San Jose,"San Jose-Sunnyvale-Santa Clara, CA",1303151.3629435024,1323871.7511944855,1.5900216076343399,38443,1541,4.008532112478214
94541,Hayward,"San Francisco-Oakland-Berkeley, CA",771740.6238300063,764540.1788719469,-0.9330135975381192,34045,680,1.9973564400058745
94080,South San Francisco,"San Francisco-Oakland-Berkeley, CA",1167431.4708629493,1177840.0405887729,0.8915786481350992,36486,880,2.4118840103053225
95020,Gilroy,"San Jose-Sunnyvale-Santa Clara, CA",1021940.2389086039,1035972.8255323,1.3731318221388809,31856,517,1.62292817679558
95758,Elk Grove,"Sacramento-Roseville-Folsom, CA",571903.7268015217,569096.8905156752,-0.49078824884466066,30985,362,1.1683072454413426
95206,Stockton,"Stockton, CA",416813.80345203326,412166.81526709866,-1.1148834674975854,29273,111,0.37918901376695247
95608,Carmichael,"Sacramento-Roseville-Folsom, CA",555773.652609876,557183.8047988942,0.2537277869140115,29510,255,0.8641138597085732
94806,Richmond,"San Francisco-Oakland-Berkeley, CA",571576.9762874659,565858.910324053,-1.000401730761292,29413,231,0.7853670145853874
94015,Daly City,"San Francisco-Oakland-Berkeley, CA",1127163.8884652143,1137410.6803204694,0.9090773719878067,35445,664,1.8733248695161515
94501,Alameda,"San Francisco-Oakland-Berkeley, CA",1092033.3184937865,1093517.5569950668,0.1359151297075336,32532,1397,4.294233370220091
95127,San Jose,"San Jose-Sunnyvale-Santa Clara, CA",1067836.7019430501,1075077.8478588897,0.6781136013271973,31731,772,2.4329520027733134
95014,Cupertino,"San Jose-Sunnyvale-Santa Clara, CA",2838604.1775630787,2986959.0835959543,5.226332970461463,29526,2517,8.524690103637472
95828,,"Sacramento-Roseville-Folsom, CA",444444.3507797178,444048.1661381445,-0.08914156314018493,27173,266,0.9789128914731535
95051,Santa Clara,"San Jose-Sunnyvale-Santa Clara, CA",1757552.4641489938,1823697.074588949,3.763450126763781,35670,3818,10.703672553966918
94568,Dublin,"San Francisco-Oakland-Berkeley, CA",1307224.7578463308,1281620.88316175,-1.9586436479954328,35860,2070,5.77244841048522
95111,San Jose,"San Jose-Sunnyvale-Santa Clara, CA",1009450.3982198258,1036705.0628621985,2.699950853497751,29613,421,1.4216729139229394
94122,San Francisco,"San Francisco-Oakland-Berkeley, CA",1442577.6559860178,1503667.2807462001,4.234754677274334,31366,1411,4.498501562201109
95355,Modesto,"Modesto, CA",480217.78957875026,480821.27700162557,0.12566952661305736,28079,328,1.168132768260978
94087,Sunnyvale,"San Jose-Sunnyvale-Santa Clara, CA",2574407.115484973,2696013.39522758,4.72366157672379,28387,2999,10.564695106915137
95670,Rancho Cordova,"Sacramento-Roseville-Folsom, CA",478511.50782367744,477714.1863234251,-0.1666253553396564,27754,448,1.6141817395690712
95112,San Jose,"San Jose-Sunnyvale-Santa Clara, CA",957857.0728971958,977874.698396661,2.0898342838267676,32232,1295,4.0177463390419454
94591,Vallejo,"Vallejo, CA",587671.5323383244,580466.8856043839,-1.2259649034339688,27797,779,2.802460697197539
95125,San Jose,"San Jose-Sunnyvale-Santa Clara, CA",1727180.4824024222,1799413.3568436496,4.182126603280919,27981,1657,5.921875558414638
95023,Hollister,"San Jose-Sunnyvale-Santa Clara, CA",755686.9613504717,750459.2117695183,-0.6917877174446664,28321,281,0.9921966032272871
94109,San Francisco,"San Francisco-Oakland-Berkeley, CA",950017.1180932997,970919.6295439481,2.2002247172766864,34403,2331,6.775571897799611
95648,Lincoln,"Sacramento-Roseville-Folsom, CA",628497.6067032114,630907.0866247719,0.383371375779686,23178,572,2.46785745103115
95376,Tracy,"Stockton, CA",596195.8266187593,587200.4116254181,-1.5088020733652947,25806,652,2.526544214523754
95122,San Jose,"San Jose-Sunnyvale-Santa Clara, CA",945581.9630810218,960765.2166384365,1.6057046507044865,26067,504,1.933479111520313
95350,Modesto,"Modesto, CA",418349.9450574317,419187.3576303187,0.2001703556509391,23977,345,1.4388789256370689
94539,Fremont,"San Francisco-Oakland-Berkeley, CA",2127365.7275166283,2160291.1782569443,1.5477099360226763,26014,1459,5.6085184900438225
95207,Stockton,"Stockton, CA",403626.96106504044,399379.5051626901,-1.0523221469504054,22659,350,1.5446400988569662
94601,Oakland,"San Francisco-Oakland-Berkeley, CA",548549.4639419998,536938.4619516833,-2.1166736554397994,24376,365,1.497374466688546
95037,Morgan Hill,"San Jose-Sunnyvale-Santa Clara, CA",1257402.297312504,1290601.6488863286,2.640312622681138,25084,880,3.5082124063147826
94550,Livermore,"San Francisco-Oakland-Berkeley, CA",1206882.7286958098,1194241.5950262637,-1.047420214821241,25689,831,3.234847600140138
95757,Elk Grove,"Sacramento-Roseville-Folsom, CA",697869.9043768897,691753.1329217089,-0.8764916522145114,25602,340,1.3280212483399734
95116,San Jose,"San Jose-Sunnyvale-Santa Clara, CA",896412.2942062932,911804.3593076094,1.7170742972623703,23971,510,2.1275708147344705
95616,Davis,"Sacramento-Roseville-Folsom, CA",832690.7672507333,832085.9404300303,-0.07263522600351707,23504,331,1.4082709326072158
95124,San Jose,"San Jose-Sunnyvale-Santa Clara, CA",1786385.3899971638,1875090.3185534806,4.965609831619682,26747,1620,6.056754028489177
95351,Modesto,"Modesto, CA",368315.134396438,369805.37669574685,0.4046106608545701,18059,182,1.0078077412924304
94577,San Leandro,"San Francisco-Oakland-Berkeley, CA",788354.4615118676,783810.4753375343,-0.5763887180417581,25507,580,2.273885600031364
95240,Lodi,"Stockton, CA",460623.1935261081,457431.3203749888,-0.6929466852689904,22492,436,1.9384670104926196
95136,San Jose,"San Jose-Sunnyvale-Santa Clara, CA",1313829.0973265267,1332208.5107664163,1.3989196522812148,25181,854,3.3914459314562566
94086,Sunnyvale,"San Jose-Sunnyvale-Santa Clara, CA",1798536.6376169987,1862501.8461445628,3.5565140675875164,29724,3861,12.989503431570448
95336,Manteca,"Stockton, CA",527361.0319579961,519273.09375342977,-1.5336624654531748,21175,181,0.8547815820543094
95148,San Jose,"San Jose-Sunnyvale-Santa Clara, CA",1444316.5849408086,1486912.2254034504,2.9491900118551575,22955,372,1.6205619690699193
94560,Newark,"San Francisco-Oakland-Berkeley, CA",1218861.809378546,1219337.3767201828,0.03901733059298503,26567,1378,5.186885986374072
94014,Daly City,"San Francisco-Oakland-Berkeley, CA",978040.7398123144,978416.5752954786,0.03842738526784681,25031,553,2.2092605169589707
94546,Castro Valley,"San Francisco-Oakland-Berkeley, CA",989173.8693292309,997107.6319006056,0.802059457631522,23208,869,3.7443984832816266
95843,Antelope,"Sacramento-Roseville-Folsom, CA",491960.8124620155,492193.9862603575,0.04739682357525296,21518,195,0.9062180500046473
94553,Martinez,"San Francisco-Oakland-Berkeley, CA",752912.2901353333,749410.476365128,-0.46510248485596195,25274,698,2.761731423597373
95060,Santa Cruz,"Santa Cruz-Watsonville, CA",1284471.4686321772,1320403.0008300361,2.797378772151482,24386,919,3.768555728696793
95008,Campbell,"San Jose-Sunnyvale-Santa Clara, CA",1733831.0588736448,1815786.000654436,4.726812417008601,25573,1053,4.117624056622219
94551,Livermore,"San Francisco-Oakland-Berkeley, CA",1000075.6370719186,984682.2676222477,-1.5392205228337053,20936,633,3.023500191058464
94605,Oakland,"San Francisco-Oakland-Berkeley, CA",643943.8318870941,636050.2129008794,-1.225824147283494,21778,583,2.6770134998622463
94303,East Palo Alto,"San Francisco-Oakland-Berkeley, CA",1959842.1505058107,2030788.6385221935,3.6200103155283396,23856,1633,6.845238095238096
95678,Roseville,"Sacramento-Roseville-Folsom, CA",531067.1025489195,531724.7181261779,0.12382909317901608,25280,349,1.3805379746835444
95822,Sacramento,"Sacramento-Roseville-Folsom, CA",425067.83688917087,423555.7960886406,-0.35571752772358717,21432,219,1.0218365061590147
95610,Citrus Heights,"Sacramento-Roseville-Folsom, CA",497486.7561751238,497269.1248711297,-0.043746150282941716,22627,368,1.6263755690104742
95307,Ceres,"Modesto, CA",442718.69022080745,443397.4758121529,0.15332209964004645,19428,126,0.6485484867201976
95403,Santa Rosa,"Santa Rosa-Petaluma, CA",713058.3747356125,714533.697752419,0.20690073478956406,22864,196,0.8572428271518544
95210,Stockton,"Stockton, CA",390522.3435862257,386373.8663530524,-1.062289341776768,16148,119,0.7369333663611592
94582,San Ramon,"San Francisco-Oakland-Berkeley, CA",1725961.8087400969,1707673.948513441,-1.0595750226944745,23557,1141,4.843570913104385
94403,San Mateo,"San Francisco-Oakland-Berkeley, CA",1697809.9653095212,1735362.7449824186,2.2118364504976453,24275,1797,7.402677651905252
95762,El Dorado Hills,"Sacramento-Roseville-Folsom, CA",883958.5764466408,888291.0170166804,0.4901180536598593,21578,529,2.451571044582445
94901,San Rafael,"San Francisco-Oakland-Berkeley, CA",1346769.6088914562,1341308.9380947389,-0.40546436158535193,20930,1068,5.102723363592928
94804,Richmond,"San Francisco-Oakland-Berkeley, CA",568400.3155287247,558472.1216063537,-1.7466904312211435,22279,419,1.8806948247228332
95831,Sacramento,"Sacramento-Roseville-Folsom, CA",610044.1567307174,614211.99293919,0.683202381743713,21146,418,1.9767331883098458
95209,Stockton,"Stockton, CA",486854.5338362204,481259.16848788614,-1.1492889476133645,20129,253,1.256893039892692
95380,Turlock,"Modesto, CA",434085.1440891197,436629.8667852998,0.5862266264651671,18993,63,0.3317011530563892
95407,Santa Rosa,"Santa Rosa-Petaluma, CA",620492.1535844379,622130.4989511019,0.26403965903511595,21132,282,1.3344690516751845
95337,Manteca,"Stockton, CA",644532.163524488,635440.5507063988,-1.4105755046223967,21248,354,1.666039156626506
94025,Menlo Park,"San Francisco-Oakland-Berkeley, CA",2610373.6071796142,2705611.6760953665,3.648445902678754,20273,1410,6.955063384797514
94066,San Bruno,"San Francisco-Oakland-Berkeley, CA",1242114.9791194834,1250797.6646766658,0.6990243015455331,23404,751,3.2088531874893182
94116,San Francisco,"San Francisco-Oakland-Berkeley, CA",1392739.1901391211,1453768.6285802342,4.381971791503681,21841,1083,4.958564168307312
94010,Hillsborough,"San Francisco-Oakland-Berkeley, CA",3089324.7025296935,3203147.7944350247,3.6844004067337823,21460,880,4.100652376514446
95404,Santa Rosa,"Santa Rosa-Petaluma, CA",795073.5514367301,798792.0474277505,0.46769207506663885,19323,305,1.5784298504373029
95991,Yuba City,"Yuba City, CA",391714.69457312714,394638.99159202125,0.7465374823583978,17958,219,1.2195121951219512
95628,Fair Oaks,"Sacramento-Roseville-Folsom, CA",598057.4095539034,598408.7345522227,0.058744360107723104,20748,440,2.120686331212647
95050,Santa Clara,"San Jose-Sunnyvale-Santa Clara, CA",1511034.542308163,1561571.1134747819,3.344501383100245,22395,1263,5.639651707970529
94117,San Francisco,"San Francisco-Oakland-Berkeley, CA",1404360.0750111963,1444448.0086980807,2.854533847849865,26149,2460,9.407625530613025
95826,Rosemont,"Sacramento-Roseville-Folsom, CA",462638.11441577435,461778.4025872103,-0.18582814553654242,19935,406,2.036619011788312
94566,Pleasanton,"San Francisco-Oakland-Berkeley, CA",1694601.2337485102,1675366.4873586101,-1.135060332002252,21928,929,4.23659248449471
95205,Stockton,"Stockton, CA",324762.371282609,321524.00266048603,-0.9971501961059819,15933,131,0.8221929329065462
95926,Chico,"Chico, CA",420320.9217505253,423980.85100153595,0.8707463896320008,21582,482,2.2333426003150776
94118,San Francisco,"San Francisco-Oakland-Berkeley, CA",1822650.9016844332,1912410.9162040793,4.9246959160798625,22910,1446,6.311654299432562
94521,Concord,"San Francisco-Oakland-Berkeley, CA",766185.7273091865,770444.9453714822,0.555898904206151,21332,479,2.24545284080255
94611,Piedmont,"San Francisco-Oakland-Berkeley, CA",1304466.6054207962,1306947.6394997172,0.19019529274347532,21454,992,4.6238463689754825
94531,Antioch,"San Francisco-Oakland-Berkeley, CA",655383.3589515514,653110.4526346755,-0.346805619311407,22871,509,2.2255257749989066
95132,San Jose,"San Jose-Sunnyvale-Santa Clara, CA",1547078.9729819845,1591817.7845545777,2.8918246808279866,21002,703,3.34730025711837
94561,Oakley,"San Francisco-Oakland-Berkeley, CA",654010.9812208085,651044.5961971872,-0.45356807588827674,23196,438,1.8882565959648216
94583,San Ramon,"San Francisco-Oakland-Berkeley, CA",1381344.6208503959,1372640.5337868547,-0.6301169839994513,20246,776,3.8328558727649904
94121,San Francisco,"San Francisco-Oakland-Berkeley, CA",1493769.5704804512,1574265.6020682678,5.388785069569067,23312,1018,4.366849691146191
95973,Chico,"Chico, CA",485770.31933280703,491302.12038365233,1.1387688441819759,19370,526,2.715539494062984
95765,Rocklin,"Sacramento-Roseville-Folsom, CA",702367.3157610451,702792.4310173779,0.06052605905674322,20180,557,2.7601585728444005
95621,Citrus Heights,"Sacramento-Roseville-Folsom, CA",443409.337865523,441352.3149664355,-0.46391059534054546,20306,260,1.2804097311139564
95691,West Sacramento,"Sacramento-Roseville-Folsom, CA",559469.7519633105,556893.5705057693,-0.4604684075413835,20332,450,2.213259885894157
95838,Sacramento,"Sacramento-Roseville-Folsom, CA",388048.5317186671,387333.2267551189,-0.18433389256237048,17077,150,0.878374421736839
95120,San Jose,"San Jose-Sunnyvale-Santa Clara, CA",2058873.6714270979,2166064.7175956587,5.206295444744889,18054,1061,5.876814002437133
95129,San Jose,"San Jose-Sunnyvale-Santa Clara, CA",2436997.8015595996,2560291.475460926,5.059244362979012,19733,1575,7.981553742461866
95695,Woodland,"Sacramento-Roseville-Folsom, CA",507397.8984244841,507035.41910097445,-0.07143886969875198,18187,131,0.7202947160059383
95835,Sacramento,"Sacramento-Roseville-Folsom, CA",569544.2648075777,565797.5865893839,-0.6578379328355882,21396,387,1.80874929893438
95833,Sacramento,"Sacramento-Roseville-Folsom, CA",448770.87089506286,446815.7749213034,-0.435655721116678,21646,349,1.612307123718008
94134,San Francisco,"San Francisco-Oakland-Berkeley, CA",997063.0619945191,1013353.1743270619,1.63380963085285,19828,650,3.2781924551139805
94588,Pleasanton,"San Francisco-Oakland-Berkeley, CA",1416809.1825569652,1399391.7032338039,-1.2293454572144547,17449,902,5.1693506791220125
95688,Vacaville,"Vallejo, CA",648882.8202677439,652338.4932289495,0.5325573205620859,18273,209,1.143764023422536
94520,Concord,"San Francisco-Oakland-Berkeley, CA",593730.0663390204,588394.2824491109,-0.8986885105567098,18947,290,1.5305853169367183
95928,Chico,"Chico, CA",446782.7130685418,450105.38775063446,0.7436891770660206,18924,428,2.261678292115832
94928,Rohnert Park,"Santa Rosa-Petaluma, CA",694114.0776896421,696233.8798313868,0.30539679425614286,25519,530,2.076883890434578
95301,Atwater,"Merced, CA",412291.65403207083,413561.629788123,0.3080284899372219,17175,184,1.0713245997088792
94621,Oakland,"San Francisco-Oakland-Berkeley, CA",452369.4456813989,440597.1069879566,-2.602372641615914,14974,207,1.382396153332443
94954,Petaluma,"Santa Rosa-Petaluma, CA",815044.325826745,812063.4621225301,-0.3657302565957089,19284,374,1.9394316531839866
94578,San Leandro,"San Francisco-Oakland-Berkeley, CA",765191.5294717856,763671.232231669,-0.19868192231114998,21224,548,2.581982661138334
95401,Santa Rosa,"Santa Rosa-Petaluma, CA",637619.3122145328,637295.927159545,-0.050717575329483275,19881,444,2.233288063980685
95821,Sacramento,"Sacramento-Roseville-Folsom, CA",476809.5333319709,480095.51634427,0.689160510138395,16591,183,1.1030076547525767
95993,Yuba City,"Yuba City, CA",461894.16110431246,465144.2617432985,0.703646184055583,17014,112,0.6582814153050429
95382,Turlock,"Modesto, CA",501400.42215643794,504035.1191540345,0.5254676464501464,18111,154,0.8503119651040805
94606,Oakland,"San Francisco-Oakland-Berkeley, CA",586189.3732281767,581837.0264913117,-0.7424813440230743,21573,870,4.032818801279377
94590,Vallejo,"Vallejo, CA",457356.9076371942,449824.20956472977,-1.647006516503709,18218,535,2.936656054451641
94061,Redwood City,"San Francisco-Oakland-Berkeley, CA",1830843.6943344828,1864525.5996752384,1.8396931122511289,19319,982,5.083078834308194
94534,Fairfield,"Vallejo, CA",686092.2224490725,684785.8592737131,-0.1904063524720115,20192,318,1.5748811410459589
95667,Placerville,"Sacramento-Roseville-Folsom, CA",512730.96171505767,513271.7468568264,0.10547152057286564,15844,175,1.1045190608432214
95820,Sacramento,"Sacramento-Roseville-Folsom, CA",392437.98054109624,392490.80516669544,0.013460630269874256,17358,200,1.1522064754003918
94124,San Francisco,"San Francisco-Oakland-Berkeley, CA",856960.5505081587,868167.7023638347,1.3077792027918176,16427,442,2.6906921531624763
94952,Petaluma,"Santa Rosa-Petaluma, CA",1021609.5704141437,1029315.9290205078,0.754335005225145,17097,479,2.801661110136281
95901,Marysville,"Yuba City, CA",384548.9680359792,382943.16165309405,-0.4175817688671842,14052,113,0.8041559920296043
94555,Fremont,"San Francisco-Oakland-Berkeley, CA",1472128.1548586674,1482739.3708195854,0.7208078947404366,18920,1307,6.908033826638478
94040,Mountain View,"San Jose-Sunnyvale-Santa Clara, CA",2583345.7763826996,2740416.4994360623,6.080127735486466,20478,3045,14.869616173454439
95121,San Jose,"San Jose-Sunnyvale-Santa Clara, CA",1173082.180209385,1206055.040122822,2.8107885764279157,17891,331,1.8500922251411325
95825,Sacramento,"Sacramento-Roseville-Folsom, CA",387872.6020580905,389063.6364246076,0.3070684446896606,18169,230,1.265892454180197
95476,Sonoma,"Santa Rosa-Petaluma, CA",947764.3420653641,935621.2654790669,-1.2812337463377348,16182,197,1.2174020516623407
94044,Pacifica,"San Francisco-Oakland-Berkeley, CA",1226122.1299381244,1226243.5194836229,0.009900281752890447,20025,628,3.136079900124844
95062,Santa Cruz,"Santa Cruz-Watsonville, CA",1236452.886450629,1266757.4957362746,2.450931177219238,20695,334,1.6139164049287267
95128,San Jose,"San Jose-Sunnyvale-Santa Clara, CA",1358876.3441891805,1401439.6566502575,3.132243242226271,19436,1101,5.664745832475818
95340,Merced,"Merced, CA",398210.4183377681,397438.2896322754,-0.1938996746282458,15009,197,1.3125458058498234
95842,Sacramento,"Sacramento-Roseville-Folsom, CA",413413.621970487,413852.92607981706,0.1062626110954364,15252,174,1.1408339889850512
95660,Sacramento,"Sacramento-Roseville-Folsom, CA",380005.88219123473,380925.70198903116,0.24205409466097122,15478,106,0.6848430029719602
95341,Merced,"Merced, CA",355648.87054022774,356030.9425095138,0.10742954664967971,12943,83,0.6412732751294137
94523,Pleasant Hill,"San Francisco-Oakland-Berkeley, CA",946783.0831279791,949458.364435247,0.28256538957470284,18323,323,1.7628117666321017
94404,Foster City,"San Francisco-Oakland-Berkeley, CA",1663754.2468738195,1667368.5586087136,0.2172383175992079,18591,1743,9.375504276262708
94063,Redwood City,"San Francisco-Oakland-Berkeley, CA",1240222.611952931,1251225.9526977916,0.8872069125988733,18452,1192,6.46000433557338
94401,San Mateo,"San Francisco-Oakland-Berkeley, CA",1162866.064490148,1173491.194068691,0.9137019217429327,19636,826,4.206559380729273
94114,San Francisco,"San Francisco-Oakland-Berkeley, CA",1637528.9359429341,1707306.9963207885,4.26118029710872,22433,2348,10.466723131101501
95356,Modesto,"Modesto, CA",513758.76727261813,513978.46845150413,0.04276348996481754,15448,77,0.49844640082858627
94545,Hayward,"San Francisco-Oakland-Berkeley, CA",901693.6354858315,885678.8402472669,-1.7760794363304842,17041,345,2.024529076932105
95482,Ukiah,"Ukiah, CA",473404.6740701078,470286.82849655504,-0.658600504880321,14213,93,0.6543305424611272
95632,Galt,"Sacramento-Roseville-Folsom, CA",523253.6857642589,524476.9394309212,0.23377831823117468,14883,160,1.0750520728347779
95361,Oakdale,"Modesto, CA",540765.8879605838,544432.4953960301,0.6780397057355819,15505,219,1.4124475975491777
95126,San Jose,"San Jose-Sunnyvale-Santa Clara, CA",1154627.790486537,1170615.74251585,1.3846844984197195,22948,1014,4.418685724246122
95348,Merced,"Merced, CA",412035.0915974288,409341.5343696506,-0.6537203463266863,14860,135,0.9084791386271871
95377,Tracy,"Stockton, CA",767227.4594770222,757058.0019151295,-1.3254814379069102,18118,700,3.8635610994591016
94102,San Francisco,"San Francisco-Oakland-Berkeley, CA",684784.6583144873,690684.8393739124,0.8616111631279357,19496,1030,5.283135002051703
94801,Richmond,"San Francisco-Oakland-Berkeley, CA",509353.4650833984,503437.3575173076,-1.161493534773951,15625,49,0.3136
94115,San Francisco,"San Francisco-Oakland-Berkeley, CA",1291462.877341694,1343813.5909021369,4.0535980150045,19934,1420,7.123507574997491
95118,San Jose,"San Jose-Sunnyvale-Santa Clara, CA",1534287.1019131436,1600385.0204375396,4.308054108124656,16269,863,5.304566967852972
95661,Roseville,"Sacramento-Roseville-Folsom, CA",664547.8788335756,668933.4600626461,0.6599345763871931,15156,309,2.0387965162311956
94608,Emeryville,"San Francisco-Oakland-Berkeley, CA",607482.9206740919,592749.8453570479,-2.4252657672573776,21718,1072,4.9359977898517355
95358,Modesto,"Modesto, CA",421486.2898095243,422621.31345802994,0.2692907636494075,12111,107,0.8834943439848073
94941,Mill Valley,"San Francisco-Oakland-Berkeley, CA",1900364.0316044223,1957642.37064352,3.0140719402450133,15370,815,5.302537410540014
95219,,"Stockton, CA",548819.2557100594,545791.9028057299,-0.551612005743634,14749,95,0.6441114651840804
95662,Orangevale,"Sacramento-Roseville-Folsom, CA",539894.9710610211,543302.9914521477,0.6312376617305888,15400,290,1.883116883116883
94602,Oakland,"San Francisco-Oakland-Berkeley, CA",910441.9764786176,918311.6487139305,0.8643793276921361,16942,719,4.24389092196907
94103,San Francisco,"San Francisco-Oakland-Berkeley, CA",761694.6478260016,760999.74026526,-0.0912317767657975,21228,1876,8.837384586395327
95131,San Jose,"San Jose-Sunnyvale-Santa Clara, CA",1306581.346475671,1322414.6574336127,1.2118121080367432,16818,813,4.834106314662861
95834,Sacramento,"Sacramento-Roseville-Folsom, CA",527429.4732190232,521726.920296619,-1.0811972428465566,17819,273,1.5320725068746843
94610,Oakland,"San Francisco-Oakland-Berkeley, CA",1107347.868431923,1109378.9913629403,0.1834223001569968,19689,1125,5.713850373304892
94603,Oakland,"San Francisco-Oakland-Berkeley, CA",506091.3201203661,499605.7083416093,-1.2815101782844907,16682,204,1.222874955041362
95242,Lodi,"Stockton, CA",562829.0212231089,560194.040321143,-0.46816720577764037,13028,161,1.2357998157813939
95070,Saratoga,"San Jose-Sunnyvale-Santa Clara, CA",3732594.0117472224,3918780.000567276,4.988112509265378,14166,1069,7.546237469998589
94526,Danville,"San Francisco-Oakland-Berkeley, CA",1704976.6595270233,1714975.925291138,0.5864752287511414,15764,599,3.799797005836082
94131,San Francisco,"San Francisco-Oakland-Berkeley, CA",1457453.661104217,1537936.3253821936,5.5221422420387745,16981,1262,7.431835580943408
95682,Shingle Springs,"Sacramento-Roseville-Folsom, CA",642939.2062395643,646350.8210981636,0.5306279078162279,12802,175,1.3669739103265115
95961,Olivehurst,"Yuba City, CA",440576.4262759926,436525.8011208424,-0.9193921675266251,14061,339,2.4109238318754
95824,Sacramento,"Sacramento-Roseville-Folsom, CA",359670.65333648835,358462.72565552633,-0.3358427132591073,13290,81,0.6094808126410836
94580,San Lorenzo,"San Francisco-Oakland-Berkeley, CA",803421.681150137,799961.7807313277,-0.4306456372768347,15041,254,1.6887175054850077
94132,San Francisco,"San Francisco-Oakland-Berkeley, CA",1226033.3218472044,1264526.6773733252,3.1396663402365617,14003,461,3.292151681782475
94589,Vallejo,"Vallejo, CA",508340.82582301204,495201.01196794416,-2.5848433152687105,14177,176,1.2414474148268322
95204,Stockton,"Stockton, CA",377154.0150391692,373530.4345324465,-0.9607694369490805,13776,200,1.4518002322880372
94043,Mountain View,"San Jose-Sunnyvale-Santa Clara, CA",1505219.3980678453,1548367.3028643418,2.866552533928458,18824,2932,15.575860603484912
94070,San Carlos,"San Francisco-Oakland-Berkeley, CA",2251266.8123550895,2318523.796783363,2.9875172529156955,16428,1333,8.114195276357439
94598,Walnut Creek,"San Francisco-Oakland-Berkeley, CA",1336261.3393962411,1349365.3500192768,0.9806472908178624,12536,270,2.1537970644543716
95829,Sacramento,"Sacramento-Roseville-Folsom, CA",587025.9698581597,587055.7591304333,0.005074608927583849,14196,35,0.2465483234714004
94107,San Francisco,"San Francisco-Oakland-Berkeley, CA",935000.378552278,951487.2064936073,1.7632963921209153,21029,1994,9.482143706310334
94062,Emerald Lake Hills,"San Francisco-Oakland-Berkeley, CA",2475895.4064417197,2535333.5479405187,2.4006725544283647,13446,936,6.961178045515395
95966,Oroville,"Chico, CA",304672.0015688412,300210.6341180559,-1.4643181611084946,11049,130,1.1765770657978099
95212,Stockton,"Stockton, CA",544738.2849883918,538923.8336858656,-1.0673843683761044,12561,193,1.5365018708701537
95134,San Jose,"San Jose-Sunnyvale-Santa Clara, CA",1049577.0440673283,1061936.221329008,1.1775388316216688,22027,2455,11.145412448358833
94549,Lafayette,"San Francisco-Oakland-Berkeley, CA",1803858.174561033,1828113.4361537502,1.3446324070693438,13164,655,4.97569127924643
95032,Los Gatos,"San Jose-Sunnyvale-Santa Clara, CA",2360155.2453633375,2469329.450627757,4.625721357902131,12853,541,4.2091340543063875
95603,Auburn,"Sacramento-Roseville-Folsom, CA",588740.4943476637,592461.5690094518,0.6320398711339009,12562,164,1.30552459799395
94903,San Rafael,"San Francisco-Oakland-Berkeley, CA",1171814.5737602501,1181298.2409989731,0.8093146689830598,15336,511,3.3320292123109025
95117,San Jose,"San Jose-Sunnyvale-Santa Clara, CA",1651535.037498082,1717399.7268489494,3.9880891325591326,14510,588,4.052377670572019
94002,Belmont,"San Francisco-Oakland-Berkeley, CA",2155836.8225719635,2208734.042366485,2.453674565750016,14379,1174,8.164684609499966
95815,Sacramento,"Sacramento-Roseville-Folsom, CA",350512.88821153034,350972.9877716352,0.1312646626069766,12014,129,1.0737472948227067
95472,Sebastopol,"Santa Rosa-Petaluma, CA",1051141.9249221159,1049698.3109677238,-0.13733768201653582,13561,288,2.123737187523044
95133,San Jose,"San Jose-Sunnyvale-Santa Clara, CA",1120754.9084727895,1128055.6740451546,0.6514149986916961,14809,763,5.1522722668647445
94585,Suisun City,"Vallejo, CA",526640.5356613306,520953.62994348194,-1.0798458023568724,14137,158,1.1176345759354884
94306,Palo Alto,"San Jose-Sunnyvale-Santa Clara, CA",3110556.9559001583,3285040.5730449706,5.6094011335767,13851,1032,7.45072557938055
94704,Berkeley,"San Francisco-Oakland-Berkeley, CA",1118397.9821505465,1110896.3710433028,-0.6707461232019557,10928,583,5.334919472913616
94607,Oakland,"San Francisco-Oakland-Berkeley, CA",537415.7282132412,521830.6899225198,-2.899996682742682,16101,765,4.751257685858022
94518,Concord,"San Francisco-Oakland-Berkeley, CA",830698.9977615824,830586.4988333755,-0.013542682549274546,14120,377,2.669971671388102
95363,Patterson,"Modesto, CA",505333.8256912438,502483.1196158764,-0.5641233439039893,13603,169,1.2423730059545688
94402,San Mateo,"San Francisco-Oakland-Berkeley, CA",2257910.2478944375,2319645.99238678,2.734198338924807,13037,935,7.171895374702769
95492,Windsor,"Santa Rosa-Petaluma, CA",778772.0850927345,785906.9695284646,0.9161710559875099,14425,282,1.9549393414211438
95370,Sonora,"Sonora, CA",401255.83424435765,396431.15258804493,-1.202395390810586,11782,113,0.9590901374978781
95776,Woodland,"Sacramento-Roseville-Folsom, CA",592473.4570115553,591655.9991039053,-0.13797376033912256,12967,81,0.6246626050744197
94506,Danville,"San Francisco-Oakland-Berkeley, CA",2009361.7937443953,2005634.1752346756,-0.1855125603226132,12506,691,5.525347833040141
94547,Hercules,"San Francisco-Oakland-Berkeley, CA",741026.2167187156,735202.719846311,-0.7858692096200313,13829,329,2.379058500253091
94530,El Cerrito,"San Francisco-Oakland-Berkeley, CA",1067369.1185319738,1071828.7622536037,0.4178164464570157,14417,468,3.2461677186654643
94559,Napa,"Napa, CA",794185.6587891057,786822.6008740658,-0.927120482919119,13969,211,1.5104875080535471
95330,Lathrop,"Stockton, CA",643435.3258134905,635797.8115965538,-1.1869901931916347,14269,293,2.053402480902656
94619,Oakland,"San Francisco-Oakland-Berkeley, CA",805641.0435240133,797189.9609426102,-1.048988584846247,14495,620,4.277337012763022
95354,Modesto,"Modesto, CA",388094.9814466142,387904.07754524285,-0.04918999484604484,11249,91,0.8089607965152459
94947,Novato,"San Francisco-Oakland-Berkeley, CA",959013.361459927,963920.011927106,0.5116352560207711,11361,358,3.151131062406478
95864,Sacramento,"Sacramento-Roseville-Folsom, CA",697077.2041402198,711818.147984948,2.1146787984423847,11406,232,2.0340171839382784
95945,Grass Valley,"Truckee-Grass Valley, CA",468129.77488382877,466057.44380353764,-0.442683031816423,11274,128,1.1353556856483946
95618,Davis,"Sacramento-Roseville-Folsom, CA",817987.2261837776,818242.0737833645,0.031155449795456935,13368,114,0.8527827648114902
94133,San Francisco,"San Francisco-Oakland-Berkeley, CA",1215242.6773776326,1258655.1705176206,3.572331185213779,13966,902,6.45854217385078
94510,Benicia,"Vallejo, CA",757169.3870790737,762403.3210961036,0.6912500830522013,13141,392,2.983030210790655
95003,Aptos,"Santa Cruz-Watsonville, CA",1275708.968054221,1292620.2943061711,1.325641402187849,12394,234,1.8880103275778604
94089,Sunnyvale,"San Jose-Sunnyvale-Santa Clara, CA",1365505.00201243,1417524.2574398303,3.809525073195362,13800,1508,10.927536231884059
95677,Rocklin,"Sacramento-Roseville-Folsom, CA",632861.4832321379,634837.7283059958,0.3122713462928585,13908,157,1.1288467069312624
94803,Richmond,"San Francisco-Oakland-Berkeley, CA",725879.6642687445,716529.8522564159,-1.2880663934493477,14065,260,1.848560255954497
95215,,"Stockton, CA",421286.86065047764,424732.52294815105,0.8178898084676121,9264,23,0.24827288428324695
95054,Santa Clara,"San Jose-Sunnyvale-Santa Clara, CA",1446518.5837634848,1472960.383149632,1.8279612638886487,15178,1735,11.431018579522993
94123,San Francisco,"San Francisco-Oakland-Berkeley, CA",2060403.026946415,2148998.5235026428,4.299911007582299,16526,1132,6.849812416797773
95503,Eureka,"Eureka-Arcata, CA",422952.4523109224,422746.2211733426,-0.0487598869454402,10787,71,0.6581996848057847
94609,Oakland,"San Francisco-Oakland-Berkeley, CA",891993.1605232087,894193.5503265861,0.24668236268614238,15569,1017,6.532211445821826
95531,Crescent City,"Crescent City, CA",350938.69580654934,353386.8685814238,0.6976069621641309,8623,72,0.8349762263713325
95620,Dixon,"Vallejo, CA",599644.6790942801,598677.34600467,-0.16131771419554372,11132,136,1.221703197987783
95409,Santa Rosa,"Santa Rosa-Petaluma, CA",768260.2608667252,766374.1596765806,-0.2455028961171083,11504,152,1.321279554937413
95949,Grass Valley,"Truckee-Grass Valley, CA",524717.0504347599,527647.8143408634,0.558541770974495,9093,145,1.5946332343560983
94030,Millbrae,"San Francisco-Oakland-Berkeley, CA",1885475.9643509518,1942392.0254657392,3.0186574738108582,11713,451,3.8504226073593446
94085,Sunnyvale,"San Jose-Sunnyvale-Santa Clara, CA",1458725.8018406748,1511350.1920601206,3.6075587442850727,14993,2031,13.546321616754486
94024,Los Altos,"San Jose-Sunnyvale-Santa Clara, CA",4146452.736993004,4392148.947616906,5.925455472623571,10306,732,7.102658645449253
95405,Santa Rosa,"Santa Rosa-Petaluma, CA",707330.8915058943,717482.0633621489,1.43513763899708,11890,371,3.12026913372582
95501,Eureka,"Eureka-Arcata, CA",386978.8626456239,385034.44177900907,-0.5024617761604856,10441,163,1.5611531462503592
94503,American Canyon,"Napa, CA",730732.4577283523,726578.7867198953,-0.5684256891187772,10809,160,1.4802479415302063
95746,Granite Bay,"Sacramento-Roseville-Folsom, CA",1086804.6985767528,1101273.2551577191,1.3312931568950641,9783,151,1.5434938158029234
94519,Concord,"San Francisco-Oakland-Berkeley, CA",699251.726094389,697018.6839291175,-0.3193473940699352,10212,105,1.028202115158637
95818,Sacramento,"Sacramento-Roseville-Folsom, CA",675924.9392042161,686979.6730587851,1.6354972591459718,12582,356,2.829438880941027
95391,Tracy,"Stockton, CA",938556.0258141952,915316.9603560151,-2.4760445640973003,11637,318,2.7326630574890434
95827,Rancho Cordova,"Sacramento-Roseville-Folsom, CA",462082.8534194796,463416.5170287431,0.28862001682040017,10568,69,0.6529144587433762
94597,Walnut Creek,"San Francisco-Oakland-Berkeley, CA",948394.319977786,954882.2777281484,0.6840991783369506,13759,421,3.0598153935605787
94596,Walnut Creek,"San Francisco-Oakland-Berkeley, CA",1052216.5083936565,1073222.9436041673,1.9963985589410562,13629,354,2.5974025974025974
95521,Arcata,"Eureka-Arcata, CA",487667.2394773129,487108.92140757124,-0.11448750798599167,10784,187,1.7340504451038574
95965,Oroville,"Chico, CA",292656.1563072742,295451.74576545204,0.9552471041281044,7420,96,1.293800539083558
95135,San Jose,"San Jose-Sunnyvale-Santa Clara, CA",1644900.217137248,1704392.6918145653,3.6167831980019334,9261,328,3.541734153979052
95110,San Jose,"San Jose-Sunnyvale-Santa Clara, CA",812175.8120020735,824490.8992692471,1.5163080561111477,10774,423,3.926118433265268
94579,San Leandro,"San Francisco-Oakland-Berkeley, CA",840079.7661222512,837236.1733658798,-0.33849080421222216,10026,181,1.8053062038699381
95841,Sacramento,"Sacramento-Roseville-Folsom, CA",425258.4166682881,422399.9688528227,-0.6721672525284903,10405,138,1.3262854396924555
94703,Berkeley,"San Francisco-Oakland-Berkeley, CA",1181016.5219516002,1197586.523620395,1.4030287773970567,12152,704,5.793285055957867
95138,,"San Jose-Sunnyvale-Santa Clara, CA",1700098.4499232105,1746354.6065771987,2.720792825620037,9972,549,5.505415162454874
95367,Riverbank,"Modesto, CA",475734.8617383164,476462.31494876434,0.1529114784209485,10426,128,1.2276999808171878
94552,Castro Valley,"San Francisco-Oakland-Berkeley, CA",1345409.951451541,1353679.1724518917,0.6146246347761328,7150,180,2.5174825174825175
94022,Los Altos,"San Jose-Sunnyvale-Santa Clara, CA",4529710.227015951,4831096.453236385,6.653543187440921,8774,999,11.385912924549805
94564,Pinole,"San Francisco-Oakland-Berkeley, CA",713866.0096742836,707047.6070046808,-0.9551375996615685,9609,133,1.3841190550525548
94127,San Francisco,"San Francisco-Oakland-Berkeley, CA",1684337.9918534327,1757943.6759418463,4.370006759000815,10471,314,2.998758475790278
94563,Orinda,"San Francisco-Oakland-Berkeley, CA",1858475.7897787981,1876061.8824718911,0.9462642876389664,8895,202,2.270938729623384
94706,Albany,"San Francisco-Oakland-Berkeley, CA",1158316.731307312,1182281.6739922797,2.06894556879276,10898,385,3.532758304276014
95304,Tracy,"Stockton, CA",895789.6117060343,893318.4695394132,-0.275861891489761,6888,183,2.656794425087108
95959,Nevada City,"Truckee-Grass Valley, CA",540737.3882309482,533974.1559534766,-1.2507424906566884,7964,71,0.891511803114013
95963,Orland,"Red Bluff, CA",377311.8387667208,382215.4356100235,1.2996138311828707,7169,18,0.2510810433812247
95357,Modesto,"Modesto, CA",496915.95132467145,496481.04550991737,-0.08752100100524293,6330,89,1.406003159557662
95816,Sacramento,"Sacramento-Roseville-Folsom, CA",687989.1030281484,693102.4989147922,0.7432379181788552,13256,283,2.134882317441159
95366,Ripon,"Stockton, CA",666032.4301085324,667705.487291166,0.2511975554044598,8680,71,0.8179723502304148
94301,Palo Alto,"San Jose-Sunnyvale-Santa Clara, CA",3938744.3254432646,4179328.703811772,6.108149158461367,8512,873,10.256109022556391
95519,McKinleyville,"Eureka-Arcata, CA",485919.5237413845,479189.2969652775,-1.3850496733053548,7899,65,0.8228889732877579
94949,Novato,"San Francisco-Oakland-Berkeley, CA",1168717.218201591,1174075.1531686306,0.45844579711800165,8700,363,4.172413793103448
95602,Auburn,"Sacramento-Roseville-Folsom, CA",621447.2362257028,619727.2903264477,-0.2767645906193141,8385,153,1.8246869409660107
95819,Sacramento,"Sacramento-Roseville-Folsom, CA",715394.0610018786,726154.30094688,1.5040997027473477,10495,233,2.22010481181515
95673,Rio Linda,"Sacramento-Roseville-Folsom, CA",437362.02337595326,439708.9190508,0.5366025282056422,7529,12,0.159383716296985
94945,Novato,"San Francisco-Oakland-Berkeley, CA",1033619.9874938292,1032435.6874028734,-0.11457790148072901,8194,297,3.624603368318282
95334,Livingston,"Merced, CA",422123.95154504856,420291.09356593183,-0.43419900065090905,7593,45,0.5926511260371394
94595,Walnut Creek,"San Francisco-Oakland-Berkeley, CA",673524.2993234358,672129.5770056372,-0.20707824783746426,5098,120,2.3538642604943116
94618,Oakland,"San Francisco-Oakland-Berkeley, CA",1489624.3904520161,1520099.8551626808,2.0458489338656127,9147,549,6.0019678583142015
95448,Healdsburg,"Santa Rosa-Petaluma, CA",1073592.1175650305,1068625.2570180437,-0.4626394387332066,8105,91,1.1227637260950032
94019,Half Moon Bay,"San Francisco-Oakland-Berkeley, CA",1514975.1654283858,1529735.3083662603,0.9742828314747147,7314,171,2.3379819524200167
94702,Berkeley,"San Francisco-Oakland-Berkeley, CA",1069454.4498912862,1091273.1321140474,2.0401693802834857,8967,410,4.572320731571318
95650,Loomis,"Sacramento-Roseville-Folsom, CA",891736.7238919324,900446.6518406518,0.9767376082377082,6304,86,1.364213197969543
94305,Stanford,"San Jose-Sunnyvale-Santa Clara, CA",2963789.9906943603,3114925.173061004,5.099389053919959,8148,121,1.4850270004909178
95422,Clearlake,"Clearlake, CA",206032.2425672816,197504.72897992376,-4.138921889651855,5196,69,1.327944572748268
94041,Mountain View,"San Jose-Sunnyvale-Santa Clara, CA",2004948.9054285658,2150279.74829879,7.248605811186944,8904,1134,12.735849056603774
95203,Stockton,"Stockton, CA",339439.2491488482,339627.9223074816,0.055583777982808,6688,16,0.23923444976076555
94502,Alameda,"San Francisco-Oakland-Berkeley, CA",1136784.1809309684,1134333.8316038963,-0.21555096984770886,6524,148,2.2685469037400368
95742,Rancho Cordova,"Sacramento-Roseville-Folsom, CA",626181.9186848325,618864.6534122583,-1.1685526289137653,8017,163,2.0331794935761507
95437,Fort Bragg,"Ukiah, CA",548901.041890102,558528.1188961847,1.7538820791690592,5707,48,0.8410723672682671
94960,San Anselmo,"San Francisco-Oakland-Berkeley, CA",1543458.417650368,1571991.4609794866,1.848643475122241,8065,358,4.438933663980161
94805,Richmond,"San Francisco-Oakland-Berkeley, CA",672357.749868795,669758.525981818,-0.3865834650503074,8887,457,5.142342747833915
94612,Oakland,"San Francisco-Oakland-Berkeley, CA",565780.6032713752,544139.4885565903,-3.8250011735387814,10503,553,5.265162334571075
95388,Winton,"Merced, CA",353747.50398021284,356277.0888304664,0.715082035008516,5119,0,0.0
94542,Hayward,"San Francisco-Oakland-Berkeley, CA",1214494.6238248677,1210609.2557416607,-0.3199164497715565,7715,156,2.0220349967595594
94556,Moraga,"San Francisco-Oakland-Berkeley, CA",1548407.2148680447,1573830.9574953115,1.6419287112036225,7148,167,2.3363178511471743
95066,Scotts Valley,"Santa Cruz-Watsonville, CA",1200163.5819366658,1215772.3178944017,1.300550707641753,8315,116,1.3950691521346963
94705,Berkeley,"San Francisco-Oakland-Berkeley, CA",1861544.2666980883,1883314.5458412499,1.1694741582361945,7419,478,6.442916835152985
95252,Valley Springs,,466472.70105465635,460065.89999489504,-1.3734568057843617,5941,95,1.5990573977444875
94105,San Francisco,"San Francisco-Oakland-Berkeley, CA",1013096.1855152199,1028521.0061362995,1.5225425622578068,11360,1523,13.40669014084507
95540,Fortuna,"Eureka-Arcata, CA",414749.4222002102,411949.8711626167,-0.6749981766682478,6356,102,1.6047828823159218
95490,Willits,"Ukiah, CA",353253.102165493,346846.1832640018,-1.813690767955289,6512,21,0.32248157248157244
95817,Sacramento,"Sacramento-Roseville-Folsom, CA",457339.1786195605,462576.2910309716,1.1451265616951753,7230,146,2.0193637621023512
95360,Newman,"Modesto, CA",435378.0862509487,429987.36596529634,-1.2381698702550703,6506,0,0.0
95030,Los Gatos,"San Jose-Sunnyvale-Santa Clara, CA",3178032.432163814,3330247.7731030155,4.789609426218573,5871,317,5.399420882302844
95130,San Jose,"San Jose-Sunnyvale-Santa Clara, CA",1983735.555420434,2073502.5163054962,4.525147550023967,6965,425,6.101938262742283
94904,Kentfield,"San Francisco-Oakland-Berkeley, CA",2087882.88140219,2104031.793669554,0.773458722766983,6320,227,3.591772151898734
95640,Ione,,455188.83559901896,455047.7259737961,-0.031000238623419354,4544,84,1.8485915492957745
95832,Sacramento,"Sacramento-Roseville-Folsom, CA",405949.98827364057,406857.1447944518,0.22346509348824256,5336,5,0.0937031484257871
95326,Hughson,"Modesto, CA",537891.3856924254,539736.7973935404,0.3430825906868491,4748,48,1.0109519797809603
95948,Gridley,"Chico, CA",336563.2496255766,341702.0015706524,1.5268309747997217,4356,87,1.997245179063361
94517,Clayton,"San Francisco-Oakland-Berkeley, CA",997740.5529512252,1004011.0114204228,0.6284658321895585,5454,115,2.1085441877521087
94108,San Francisco,"San Francisco-Oakland-Berkeley, CA",917732.5802488622,932305.2813184798,1.5879027707249922,5849,319,5.453923747649171
95320,Escalon,"Stockton, CA",577616.1010317203,582988.8923315901,0.9301664704763346,5221,77,1.4748132541658685
95605,West Sacramento,"Sacramento-Roseville-Folsom, CA",407446.6705526391,405320.2604699481,-0.521886724416437,6664,89,1.3355342136854742
95315,Delhi,"Merced, CA",403879.99906803033,406323.45125364955,0.6049946001925278,5735,0,0.0
94920,Tiburon,"San Francisco-Oakland-Berkeley, CA",3002061.4019125346,3089567.100427259,2.914853722144958,5420,127,2.3431734317343174
94708,Berkeley,"San Francisco-Oakland-Berkeley, CA",1507453.163643117,1519114.8807023792,0.773603939447034,6048,256,4.232804232804233
95453,Lakeport,"Clearlake, CA",356477.3474283615,349163.73642328026,-2.051634152307805,4227,105,2.48403122782115
94707,Berkeley,"San Francisco-Oakland-Berkeley, CA",1588646.0905333348,1642480.4776014164,3.3886960342443895,6149,320,5.2040982273540415
95953,Live Oak,"Yuba City, CA",379322.46268544765,382509.2547646486,0.8401274358074621,4368,39,0.8928571428571428
94507,Alamo,"San Francisco-Oakland-Berkeley, CA",2370471.8336548884,2412179.6498906873,1.7594731835092974,6606,172,2.6036936118679987
94709,Berkeley,"San Francisco-Oakland-Berkeley, CA",1206253.0314249676,1236225.721019698,2.4847763125886817,6999,358,5.115016430918703
94065,Redwood City,"San Francisco-Oakland-Berkeley, CA",1732491.8427386594,1749557.9795318143,0.9850630388064321,5706,661,11.584297230984928
95814,Sacramento,"Sacramento-Roseville-Folsom, CA",544477.8891569962,543992.9180807712,-0.08907084858409976,6050,23,0.38016528925619836
95425,Cloverdale,"Santa Rosa-Petaluma, CA",628956.673455008,626009.2796972409,-0.4686163422952987,5836,20,0.3427004797806717
94965,Sausalito,"San Francisco-Oakland-Berkeley, CA",1457275.3004039444,1463994.2041145116,0.4610593282343244,6611,394,5.959764029647557
94925,Corte Madera,"San Francisco-Oakland-Berkeley, CA",1655668.3112985862,1711515.7620875791,3.3731062198798885,4871,409,8.3966331348799
95451,Kelseyville,"Clearlake, CA",343629.5857921029,342293.0053713531,-0.38895964608775613,5214,97,1.8603759110088225
95012,Moss Landing,"Salinas, CA",666294.7503942512,665062.1705068372,-0.18499018440182455,4247,0,0.0
95954,Magalia,"Chico, CA",267449.84756486164,265102.01758903224,-0.8778580347704287,3018,68,2.253147779986746
95368,Salida,"Modesto, CA",488430.8653347373,485178.967103793,-0.665784753122771,7235,8,0.11057360055286801
94931,Cotati,"Santa Rosa-Petaluma, CA",709618.4636899071,708590.2177691703,-0.14490123543151448,5220,69,1.3218390804597702
95119,San Jose,"San Jose-Sunnyvale-Santa Clara, CA",1351131.069317926,1373080.2740798297,1.6245059609934116,5088,299,5.876572327044025
94571,Rio Vista,"Vallejo, CA",463614.6550434974,459897.88799446356,-0.8016931752696901,3604,109,3.0244173140954493
95338,Mariposa,,387055.0917802809,386286.9503105261,-0.19845791621593045,3595,17,0.47287899860917937
95064,Santa Cruz,"Santa Cruz-Watsonville, CA",603921.8970449753,649388.9409185319,7.528629794022937,3866,41,1.0605276771857217
95322,Gustine,"Merced, CA",416753.3867897635,413312.7352251769,-0.8255845479960783,2922,68,2.327173169062286
95386,Waterford,"Modesto, CA",419646.74819156295,421094.5577514458,0.34500673867296267,4491,30,0.6680026720106881
95073,Soquel,"Santa Cruz-Watsonville, CA",1258781.697881928,1281453.1943829465,1.8010665820107181,5496,137,2.492721979621543
95033,Lexington Hills,"San Jose-Sunnyvale-Santa Clara, CA",1352687.9070716912,1371470.1484505797,1.3885125519860988,5307,110,2.0727341247409083
94505,Discovery Bay,"San Francisco-Oakland-Berkeley, CA",779510.475585416,775305.7239269096,-0.5394092562192387,7268,102,1.403412217941662
95694,Winters,"Sacramento-Roseville-Folsom, CA",603423.1342559067,602839.9001101423,-0.09665425679835357,5350,34,0.6355140186915887
95713,Colfax,"Sacramento-Roseville-Folsom, CA",476772.4732953364,482757.1674437411,1.255251610278575,4812,69,1.4339152119700749
95065,Santa Cruz,"Santa Cruz-Watsonville, CA",1267399.6957367065,1292758.1760481233,2.000827394603134,3866,68,1.758923952405587
95010,Capitola,"Santa Cruz-Watsonville, CA",1167117.743319654,1196425.8444066625,2.5111520456922403,4701,96,2.0421186981493302
94158,San Francisco,"San Francisco-Oakland-Berkeley, CA",1193476.4956256025,1218190.3394377206,2.070744074365991,7372,756,10.255018990775909
95327,Jamestown,"Sonora, CA",395777.2873212713,393236.89022879396,-0.6418754117173981,2411,51,2.1153048527581917
95988,Willows,,298720.6352004418,302801.3975423853,1.3660798288023577,4356,0,0.0
95324,Hilmar,"Merced, CA",465076.3738498977,467999.8951590115,0.6286110139100142,2841,10,0.3519887363604365
94572,Rodeo,"San Francisco-Oakland-Berkeley, CA",646586.6338457811,632473.1156934748,-2.18277295160923,4231,44,1.039943275821319
95726,Pollock Pines,"Sacramento-Roseville-Folsom, CA",391189.817537824,391010.8392961368,-0.04575227515216946,3530,44,1.246458923512748
95946,Penn Valley,"Truckee-Grass Valley, CA",508678.76964622916,505833.27295592707,-0.5593897092031294,3387,168,4.9601417183348095
95316,Denair,"Modesto, CA",526860.2404250895,537708.1756258727,2.0589777645833918,3360,7,0.20833333333333334
95969,Paradise,"Chico, CA",312896.9521533372,313382.382665746,0.15514069698285068,2228,63,2.827648114901257
95006,Boulder Creek,"Santa Cruz-Watsonville, CA",709714.452637114,708839.889165751,-0.12322751327851308,4523,280,6.190581472474022
94930,Fairfax,"San Francisco-Oakland-Berkeley, CA",1137416.9083441233,1157258.4955411525,1.7444427853560824,4556,155,3.402107111501317
95811,Sacramento,"Sacramento-Roseville-Folsom, CA",574842.17190612,579279.0096138386,0.7718358054710017,5738,193,3.3635413035901016
95932,Colusa,,358727.87114056526,358610.4137154788,-0.03274276534828905,2977,21,0.705408128988915
94574,Saint Helena,"Napa, CA",1616049.2462018654,1602884.8650702254,-0.8146027209616071,4057,23,0.5669213704707912
95018,Ben Lomond,"Santa Cruz-Watsonville, CA",777634.5760239019,791942.1537180041,1.8398844566888732,3440,52,1.5116279069767442
94515,Calistoga,"Napa, CA",1066497.0755872997,1039020.1899696809,-2.5763676475613213,3537,13,0.3675431156347187
95658,Newcastle,"Sacramento-Roseville-Folsom, CA",888027.0544412629,892194.6094238119,0.4693049566120737,2945,16,0.5432937181663837
95139,San Jose,"San Jose-Sunnyvale-Santa Clara, CA",1272820.030338516,1311126.0735792185,3.0095412020279646,3538,138,3.900508762012436
94027,Atherton,"San Francisco-Oakland-Berkeley, CA",7367608.966413689,7801615.582069215,5.890739012263116,2911,157,5.39333562349708
94710,Berkeley,"San Francisco-Oakland-Berkeley, CA",955432.2024598842,970071.5863480917,1.5322263422267428,4803,227,4.726212783676869
95987,Williams,,363669.3804624037,366695.2518044357,0.8320390730131318,3125,17,0.544
95220,Acampo,"Stockton, CA",776654.2849325556,780490.4927077234,0.4939402060340022,3702,9,0.24311183144246357
95642,Jackson,,429414.1638738898,424956.73243669467,-1.0380261789651077,2983,0,0.0
95046,San Martin,"San Jose-Sunnyvale-Santa Clara, CA",1470852.6943462656,1529828.929285074,4.0096629095152725,3412,74,2.168815943728019
95005,Ben Lomond,"Santa Cruz-Watsonville, CA",863963.9039986903,878780.2407646384,1.7149254381315635,3404,28,0.8225616921269095
95683,Sloughhouse,"Sacramento-Roseville-Folsom, CA",681998.0388047427,690055.6764289892,1.1814751899240188,2827,0,0.0
95436,Forestville,"Santa Rosa-Petaluma, CA",622269.509943545,618313.557971513,-0.635729681242275,3121,51,1.6340916372957384
95971,Quincy,,317299.13706571877,311317.44931231975,-1.8851887870593536,2596,24,0.9244992295839755
94939,Larkspur,"San Francisco-Oakland-Berkeley, CA",1983854.473166121,2031654.571183862,2.4094558680735645,3872,191,4.9328512396694215
95019,Freedom,"Santa Cruz-Watsonville, CA",739922.1571506961,734043.5824041088,-0.7944855671337945,2418,139,5.748552522746071
95693,Wilton,"Sacramento-Roseville-Folsom, CA",902695.2766774776,914702.393503744,1.3301406506147477,3461,6,0.17336030049118753
95666,Pioneer,"Sacramento-Roseville-Folsom, CA",337123.02480329113,332299.6984538882,-1.4307318084302694,2643,70,2.648505486189936
94028,Portola Valley,"San Francisco-Oakland-Berkeley, CA",3829257.8170490204,4034573.831994613,5.361770472373612,2733,232,8.488840102451519
95222,Angels Camp,,445945.831124475,436660.32182450284,-2.082205651874415,1992,37,1.8574297188755018
95626,Elverta,"Sacramento-Roseville-Folsom, CA",482688.3091815107,493389.3172298407,2.2169602712101213,2254,5,0.22182786157941436
95672,Rescue,"Sacramento-Roseville-Folsom, CA",802939.6212070729,795453.7634253049,-0.9323064380002003,2230,14,0.6278026905829596
95202,Stockton,"Stockton, CA",337836.7258375221,331515.66457391484,-1.8710402925960503,2568,0,0.0
95470,Redwood Valley,"Ukiah, CA",541211.1954558819,538631.5118958555,-0.4766500733329034,2575,0,0.0
95722,Meadow Vista,"Sacramento-Roseville-Folsom, CA",637882.0383627856,645708.6967287741,1.2269758192403013,1871,37,1.977552111170497
95446,Guerneville,"Santa Rosa-Petaluma, CA",522689.3505473064,510596.33151580323,-2.3136149643838384,2499,97,3.8815526210484195
95912,Arbuckle,,404122.03455119516,408620.6970803744,1.1131940712352677,2397,26,1.0846891948268669
95467,Hidden Valley Lake,"Clearlake, CA",362952.5537375083,362079.99065382144,-0.24040692776552663,1920,0,0.0
95231,French Camp,"Stockton, CA",493150.6698291188,502599.90254245495,1.9160944699944074,1300,0,0.0
95692,Wheatland,"Yuba City, CA",450810.38161850633,443497.66789983166,-1.622126290086855,2110,0,0.0
95709,Camino,"Sacramento-Roseville-Folsom, CA",486463.61134810204,490019.9488058375,0.7310592970931609,2601,52,1.9992310649750096
95619,Diamond Springs,"Sacramento-Roseville-Folsom, CA",428298.6198737342,427219.55539896555,-0.25194208542786395,2794,88,3.149606299212598
94005,Brisbane,"San Francisco-Oakland-Berkeley, CA",1113627.3315131206,1120784.3667646057,0.6426777656184762,2354,44,1.8691588785046727
95457,Lower Lake,"Clearlake, CA",372707.37180026295,365633.63099927915,-1.897934233716921,1301,0,0.0
95461,Middletown,"Clearlake, CA",313188.39021803066,308706.92660202994,-1.430916265089164,1829,0,0.0
95631,Foresthill,"Sacramento-Roseville-Folsom, CA",475330.0286262673,478937.1803704012,0.7588731043478986,2768,26,0.9393063583815029
95004,Aromas,"San Jose-Sunnyvale-Santa Clara, CA",920869.8847511228,931682.133671055,1.17413427227608,1884,105,5.573248407643312
95938,Durham,"Chico, CA",575674.5205409613,579345.4741759743,0.6376786715457493,1842,48,2.6058631921824107
95236,Linden,"Stockton, CA",641467.2069898392,650118.4488746937,1.3486647159176666,2005,7,0.3491271820448878
95249,San Andreas,,343690.3329402166,334191.48222339066,-2.763781755385656,1604,16,0.997506234413965
95383,Twain Harte,"Sonora, CA",393375.4204086419,387638.26406301185,-1.4584430160049793,1237,10,0.8084074373484237
95655,Mather,"Sacramento-Roseville-Folsom, CA",565010.507761262,566380.3100989079,0.2424383827963594,2164,14,0.6469500924214419
95228,Copperopolis,,518710.5917418248,509502.1498142376,-1.7752561976159678,2047,37,1.8075232046897898
95321,Groveland,"Sonora, CA",392415.6215045497,381143.7144110706,-2.8724409722176105,1357,20,1.4738393515106853
95045,San Juan Bautista,"San Jose-Sunnyvale-Santa Clara, CA",893837.4088218916,896499.7761350004,0.29785812126814515,2134,42,1.9681349578256795
95614,Cool,"Sacramento-Roseville-Folsom, CA",513921.3501005347,515089.3482526881,0.2272717706561448,1939,61,3.145951521402785
95627,Esparto,"Sacramento-Roseville-Folsom, CA",453547.51149747876,458994.84930245177,1.2010511946118991,1944,0,0.0
95623,El Dorado,"Sacramento-Roseville-Folsom, CA",542576.0988184329,544456.8662903964,0.34663662407158813,1849,7,0.3785830178474851
95634,Georgetown,"Sacramento-Roseville-Folsom, CA",402297.3171232475,399845.88686107885,-0.6093578450133235,1199,39,3.252710592160134
95669,Plymouth,,536267.7118152363,540920.1441660973,0.867557797785886,990,7,0.7070707070707071
95423,Clearlake Oaks,"Clearlake, CA",253044.47939665697,249211.41536744506,-1.5147787607740815,934,0,0.0
95633,Garden Valley,"Sacramento-Roseville-Folsom, CA",466930.4547110533,465511.31198364403,-0.3039302133949376,1132,27,2.385159010600707
95379,Tuolumne,"Sonora, CA",335515.153824863,331078.2056560177,-1.322428545555765,1517,0,0.0
95685,Sutter Creek,,461831.89348264894,453117.6694593167,-1.8868822500799485,1699,31,1.8246027074749853
95247,Murphys,"Sonora, CA",494135.4211179582,489261.2545704997,-0.9864029857302942,1513,8,0.5287508261731658
95237,Lockeford,"Stockton, CA",512776.6782729048,511034.8832463743,-0.3396790650458387,1585,0,0.0
95665,Pine Grove,,390711.37818234134,389115.6615646645,-0.4084131424839465,1887,0,0.0
95365,Planada,"Merced, CA",277534.2302235199,273403.479035529,-1.4883753923485654,1469,0,0.0
95113,San Jose,"San Jose-Sunnyvale-Santa Clara, CA",669409.3429242998,657770.1518220376,-1.7387255235214636,1585,77,4.858044164037855
94304,,"San Jose-Sunnyvale-Santa Clara, CA",3045604.0735816895,3180589.056861497,4.432125122588982,2402,108,4.496253122398001
94037,Moss Beach,"San Francisco-Oakland-Berkeley, CA",1426123.1425587393,1453624.402752734,1.928393094067051,1540,17,1.103896103896104
95223,Avery,"Sonora, CA",424949.8365743007,412249.04172474466,-2.988775087417965,1371,44,3.209336250911744
95684,Somerset,"Sacramento-Roseville-Folsom, CA",452892.57078517735,445369.12910152035,-1.6611978577201327,1284,22,1.7133956386292832
94111,San Francisco,"San Francisco-Oakland-Berkeley, CA",1023119.1504574543,1032456.2199846515,0.9126082258378718,2323,187,8.049935428325442
95542,Redway,"Eureka-Arcata, CA",352801.9009974177,347502.0035205868,-1.5022304193507339,1286,15,1.166407465007776
94951,Penngrove,"Santa Rosa-Petaluma, CA",1229833.416398818,1226130.8191137612,-0.301064943892858,1604,0,0.0
94599,Yountville,"Napa, CA",1279209.9100727073,1297587.807354904,1.436660014707994,1347,26,1.9302152932442462
95562,Scotia,"Eureka-Arcata, CA",297079.3069126598,294476.26568256057,-0.8762108869684762,1447,0,0.0
94508,Angwin,"Napa, CA",881823.1909549279,883319.6506327834,0.16970064897419687,1802,6,0.3329633740288568
95551,Eureka,"Eureka-Arcata, CA",437473.70684326143,439241.3772508444,0.40406323395711424,962,4,0.4158004158004158
94129,San Francisco,"San Francisco-Oakland-Berkeley, CA",1530279.4661396092,1548848.5687321154,1.213445191115969,2099,109,5.1929490233444495
95536,Ferndale,"Eureka-Arcata, CA",494129.8638574429,503098.20913484786,1.8149773841623777,1317,54,4.100227790432802
95428,Covelo,"Ukiah, CA",271737.6534179332,269477.11128556164,-0.8318840263534811,787,18,2.2871664548919948
95333,Le Grand,"Merced, CA",336663.9804970724,341184.6541209954,1.3427850574475968,1056,0,0.0
95328,Keyes,"Modesto, CA",417328.92804460204,418369.7221276034,0.24939418599089977,1324,0,0.0
95442,Glen Ellen,"Santa Rosa-Petaluma, CA",1168712.6244992435,1169595.9542118174,0.07558142986197171,1265,27,2.1343873517786562
94525,Crockett,"San Francisco-Oakland-Berkeley, CA",660538.377386446,644521.3406840226,-2.4248457395916962,1902,28,1.4721345951629863
95918,Browns Valley,"Yuba City, CA",558943.6955191854,550540.4992660685,-1.503406572161347,536,0,0.0
95464,Upper Lake,"Clearlake, CA",224579.63339546285,221805.9245139976,-1.2350669735848314,802,0,0.0
94957,Ross,"San Francisco-Oakland-Berkeley, CA",3715417.689097199,3811541.6695702896,2.58716484973315,874,24,2.745995423340961
95638,Herald,"Sacramento-Roseville-Folsom, CA",763136.4265833315,780385.7869233754,2.2603245945514225,984,0,0.0
95245,Mokelumne Hill,,349992.05580877484,336265.1072143098,-3.922074334728623,1080,0,0.0
95570,Trinidad,"Eureka-Arcata, CA",574293.2623964362,566979.0199258504,-1.2736075711674812,1071,10,0.9337068160597572
95445,Gualala,"Ukiah, CA",612803.7344018072,611086.0342273748,-0.28030184511018197,751,80,10.652463382157123
95917,Biggs,"Chico, CA",332419.3071560151,335481.18668359384,0.9210895581771165,1399,0,0.0
94514,Byron,"San Francisco-Oakland-Berkeley, CA",792274.5866954494,828714.1645200431,4.599362195445633,817,0,0.0
95310,Columbia,"Sonora, CA",379659.4959011418,378909.27004258585,-0.19760492405839383,777,0,0.0
95460,Mendocino,"Ukiah, CA",869760.5437923344,883319.6797978334,1.55895046082206,972,94,9.670781893004115
95255,West Point,,280393.7673074756,272059.5228673162,-2.9723358404825753,550,10,1.8181818181818181
95663,Penryn,"Sacramento-Roseville-Folsom, CA",897185.791131057,903763.32231687,0.7331292192580209,1572,6,0.38167938931297707
95469,Upper Lake,"Clearlake, CA",420133.45220789866,422373.25847378117,0.5331178115219835,624,0,0.0
95458,Lucerne,"Clearlake, CA",242445.8762390643,233948.41013644487,-3.504891992570118,1321,0,0.0
95942,Forest Ranch,"Chico, CA",361681.93505779264,360587.9393326926,-0.3024745277712687,1383,0,0.0
95549,Kneeland,"Eureka-Arcata, CA",555602.2000196393,550440.4496153042,-0.9290370707950105,579,0,0.0
95311,Coulterville,"Sonora, CA",320030.91159178846,316981.154466378,-0.9529570472556617,964,0,0.0
95452,Kenwood,"Santa Rosa-Petaluma, CA",1254347.3499213632,1238306.1221511597,-1.2788505330050037,926,29,3.131749460043196
95982,Sutter,"Yuba City, CA",400263.1605016128,404342.18903556146,1.0190866750856546,1338,53,3.961136023916293
95524,Bayside,"Eureka-Arcata, CA",578950.0748544213,579212.602872251,0.04534553655522912,813,71,8.733087330873309
95485,Nice,"Clearlake, CA",313894.055549325,315760.70535973733,0.5946751069068885,1503,0,0.0
95374,Stevinson,"Merced, CA",631664.584291554,644187.8096314436,1.982575191220353,638,9,1.4106583072100314
94511,Bethel Island,"San Francisco-Oakland-Berkeley, CA",616713.6383725697,609007.7636837604,-1.2495061255891977,606,0,0.0
95560,Redway,"Eureka-Arcata, CA",304303.36744572996,287391.48130436026,-5.55757443084681,567,0,0.0
95329,La Grange,"Modesto, CA",392086.7044944877,385897.70274623035,-1.5784778410777214,928,0,0.0
95465,Occidental,"Santa Rosa-Petaluma, CA",1088848.3069281324,1086864.5617141018,-0.1821874728930029,634,10,1.5772870662460567
95567,Smith River,"Crescent City, CA",426923.5304621674,428254.08342016255,0.3116607221332495,1073,70,6.523765144454799
95449,Hopland,"Ukiah, CA",558719.0265320061,556807.3309828783,-0.3421568728370934,823,13,1.5795868772782502
95441,Geyserville,"Santa Rosa-Petaluma, CA",1109535.8605853717,1101200.4335661319,-0.7512535029595386,940,0,0.0
95977,Smartsville,"Truckee-Grass Valley, CA",440453.42058558034,435425.60217309627,-1.1415096755973926,758,0,0.0
95612,Clarksburg,"Sacramento-Roseville-Folsom, CA",753318.3782718851,778698.0756924367,3.3690532652041054,706,0,0.0
95690,Walnut Grove,"Sacramento-Roseville-Folsom, CA",513122.64835660905,525556.5425261932,2.4231817109235965,904,5,0.5530973451327433
94924,Bolinas,"San Francisco-Oakland-Berkeley, CA",1701315.704137397,1732212.966361054,1.8160804692814232,564,0,0.0
95258,Woodbridge,"Stockton, CA",576338.0054661031,577558.2723685157,0.21172764781072664,1860,0,0.0
95641,Isleton,"Sacramento-Roseville-Folsom, CA",387815.29864340386,393641.03187959496,1.5021927336466057,929,21,2.2604951560818085
95525,Blue Lake,"Eureka-Arcata, CA",443747.4202768044,453898.95509956934,2.2876831185705857,592,0,0.0
94060,Pescadero,"San Francisco-Oakland-Berkeley, CA",1123318.828229455,1149349.8741900239,2.317333717409354,889,0,0.0
95635,Greenwood,"Sacramento-Roseville-Folsom, CA",469065.3661971731,465052.68006386724,-0.8554641682112782,625,0,0.0
95313,Crows Landing,"Modesto, CA",719431.5410397407,746640.4207380479,3.781997055478593,689,0,0.0
95372,Soulsbyville,"Sonora, CA",378986.4343102605,379359.339934656,0.09839550723606819,874,0,0.0
95421,Cazadero,"Santa Rosa-Petaluma, CA",560015.324489188,558066.0289354787,-0.34807896649746317,615,23,3.7398373983739837
95645,Knights Landing,"Sacramento-Roseville-Folsom, CA",417799.3248212877,413075.9513314175,-1.1305364104862141,563,0,0.0
95462,Monte Rio,"Santa Rosa-Petaluma, CA",529268.7859327811,521251.9223255936,-1.514705537198567,518,6,1.1583011583011582
95389,Yosemite National Park,,692584.4845033931,664693.5741883451,-4.027076976038049,1699,20,1.1771630370806356
94020,La Honda,"San Francisco-Oakland-Berkeley, CA",923061.5193846658,945998.4398168944,2.484874512753915,1061,61,5.749293119698398
95323,Hickman,"Modesto, CA",576087.4288863675,599666.9191712183,4.093040240512147,608,0,0.0
94923,Occidental,"Santa Rosa-Petaluma, CA",1372754.1429203686,1376859.606716806,0.29906766755069536,710,0,0.0
94973,Woodacre,"San Francisco-Oakland-Berkeley, CA",1024821.3572955873,1052853.6109923655,2.735330747863495,1132,0,0.0
95947,Greenville,"Susanville, CA",239028.9184281954,228942.50149758588,-4.219747550604217,569,0,0.0
95968,Palermo,"Chico, CA",253246.83910674442,252782.070799318,-0.1835238335316474,636,0,0.0
95703,Applegate,"Sacramento-Roseville-Folsom, CA",512644.33380967454,519493.4362695695,1.3360339729099144,1168,15,1.2842465753424657
94038,Moss Beach,"San Francisco-Oakland-Berkeley, CA",1404601.8302645318,1425392.7975732114,1.4802036321399343,1505,70,4.651162790697675
95951,Hamilton City,,297637.37792800483,302844.99897204293,1.7496529099573517,1319,0,0.0
94592,Vallejo,"Vallejo, CA",716645.5666195783,705974.9941211762,-1.4889609306780829,569,0,0.0
95589,Whitethorn,"Eureka-Arcata, CA",379762.3262532249,369953.9567600686,-2.5827652758309987,543,70,12.89134438305709
95681,Sheridan,"Sacramento-Roseville-Folsom, CA",520842.7305608229,521424.49962457694,0.11169764491627625,717,0,0.0
95701,Alta,"Sacramento-Roseville-Folsom, CA",447634.14047545026,450473.9205598988,0.6343975643663534,540,5,0.9259259259259258
95636,,"Sacramento-Roseville-Folsom, CA",339125.1604013876,332256.5145515869,-2.025401430454472,661,19,2.8744326777609683
95962,Oregon House,"Yuba City, CA",429285.1094511438,424789.28998009226,-1.0472805536627234,580,14,2.413793103448276
94956,Point Reyes Station,"San Francisco-Oakland-Berkeley, CA",1455525.4175129014,1459027.818610091,0.2406279584711265,697,0,0.0
94933,Lagunitas,"San Francisco-Oakland-Berkeley, CA",803561.4533565361,826158.1028091275,2.812062395253473,676,13,1.9230769230769231
95444,Graton,"Santa Rosa-Petaluma, CA",807869.2338055195,796869.2492120344,-1.3616045930687326,500,15,3.0
95002,San Jose,"San Jose-Sunnyvale-Santa Clara, CA",1166279.3765427752,1197778.013932393,2.7007797636780446,853,39,4.572098475967175
94018,Half Moon Bay,"San Francisco-Oakland-Berkeley, CA",1462663.1858770933,1460969.3464452599,-0.11580515925939275,1882,72,3.825717321997875
95227,Lockeford,"Stockton, CA",946458.7743874937,951176.2070430483,0.4984298083778163,561,8,1.4260249554367201
95319,Empire,"Modesto, CA",353372.911815764,349126.9436754353,-1.201554504704749,728,0,0.0
95041,Felton,"Santa Cruz-Watsonville, CA",756215.2331969702,765832.19061629,1.2717222554038212,522,31,5.938697318007663
