metfips,name_geo,lat,lon
12020,"Athens-Clarke County, GA",33.94900540666816,-83.21378649824088
12060,"Atlanta-Sandy Springs-Alpharetta, GA",33.69276542610185,-84.39957229745023
12100,"Atlantic City-Hammonton, NJ",39.46882951121624,-74.6337304315661
12120,"Atmore, AL",31.12612254650161,-87.16161986486829
12140,"Auburn, IN",41.39758001675845,-84.9990842794019
12180,"Auburn, NY",43.01032672509452,-76.57435820803813
12220,"Auburn-Opelika, AL",32.60113634678647,-85.35556227040594
12260,"Augusta-Richmond County, GA-SC",33.46102963148961,-81.9829289028042
12300,"Augusta-Waterville, ME",44.409160136530076,-69.76726439603837
12380,"Austin, MN",43.67150098328229,-92.75248992863737
12420,"Austin-Round Rock-Georgetown, TX",30.26224671607066,-97.65435383555486
12460,"Bainbridge, GA",30.87834410635959,-84.5790701482013
12540,"Bakersfield, CA",35.34262137535478,-118.73002893870044
12580,"Baltimore-Columbia-Towson, MD",39.30554235214225,-76.5510087683498
12620,"Bangor, ME",45.4005123213139,-68.649428128964
12660,"Baraboo, WI",43.42666338458975,-89.94821666676684
12680,"Bardstown, KY",37.80513126623389,-85.46598858537682
12700,"Barnstable Town, MA",41.77344927347821,-70.23813749230834
12740,"Barre, VT",44.27338537096897,-72.61475873091922
12780,"Bartlesville, OK",36.71523381923109,-95.90436617816198
12860,"Batavia, NY",43.000933269274555,-78.19371145197424
12900,"Batesville, AR",35.92685012941906,-91.52999470466997
12940,"Baton Rouge, LA",30.51732150172359,-91.12697188556022
12980,"Battle Creek, MI",42.24653946630327,-85.00558348174746
13020,"Bay City, MI",43.72136559145381,-83.94183509010968
13060,"Bay City, TX",28.785650553518135,-96.00398075741441
13100,"Beatrice, NE",40.261929694586506,-96.68944144180706
13140,"Beaumont-Port Arthur, TX",30.076471410413525,-94.20136011061675
13180,"Beaver Dam, WI",43.41629505124337,-88.70750673258854
13220,"Beckley, WV",37.906233633263845,-81.16090366006772
13260,"Bedford, IN",38.84116289151347,-86.48345113091595
13300,"Beeville, TX",28.4173932284766,-97.7411901297514
13340,"Bellefontaine, OH",40.38847345848254,-83.76585220545535
13380,"Bellingham, WA",48.82961620412969,-121.87281313555445
13420,"Bemidji, MN",47.97378290261449,-94.93765445102517
13460,"Bend, OR",43.91500980061928,-121.22814179814233
13500,"Bennettsville, SC",34.60206033610596,-79.6787226220577
13540,"Bennington, VT",43.035353529243785,-73.09303166609807
13620,"Berlin, NH",44.689494929910786,-71.30553312827836
13660,"Big Rapids, MI",43.64076818532305,-85.32463354160832
13700,"Big Spring, TX",32.306169498780484,-101.43550545035475
13720,"Big Stone Gap, VA",36.9744275291918,-82.62129297830744
13740,"Billings, MT",45.63997289758203,-108.821875909091
13780,"Binghamton, NY",42.164477523396066,-76.02514482740757
13820,"Birmingham-Hoover, AL",33.403682316864,-86.72819335341752
13900,"Bismarck, ND",46.88407538116245,-100.97861018185883
13940,"Blackfoot, ID",43.21655805097144,-112.39807852176709
13980,"Blacksburg-Christiansburg, VA",37.18690724726513,-80.59236264005843
14010,"Bloomington, IL",40.49089161855978,-88.8473242779787
14020,"Bloomington, IN",39.234712239966726,-86.67594056940214
14100,"Bloomsburg-Berwick, PA",41.04416156628653,-76.45898242953045
14140,"Bluefield, WV-VA",37.218518981945145,-81.29614002253741
14180,"Blytheville, AR",35.762482136385394,-90.05208948632536
14220,"Bogalusa, LA",30.85335837207709,-90.04052907167221
14260,"Boise City, ID",43.01601416170945,-116.14324208393187
14300,"Bonham, TX",33.593809793070186,-96.10682768349515
14380,"Boone, NC",36.23110709917248,-81.69642522524121
14420,"Borger, TX",35.840025974552454,-101.35469939563872
14460,"Boston-Cambridge-Newton, MA-NH",42.51789893067797,-71.02192726161287
14500,"Boulder, CO",40.092464824533806,-105.35770451019815
14540,"Bowling Green, KY",37.038686626509204,-86.40706192781535
14580,"Bozeman, MT",45.54038949936408,-111.17036894621653
14620,"Bradford, PA",41.807686049699754,-78.56905094020995
14660,"Brainerd, MN",46.79913358700023,-94.24339921892476
14700,"Branson, MO",36.654759995273146,-93.04112987951085
14720,"Breckenridge, CO",39.634170805988816,-106.11637913722238
14740,"Bremerton-Silverdale-Port Orchard, WA",47.639646601282365,-122.64917638760737
14780,"Brenham, TX",30.214530426114628,-96.40344376392052
14820,"Brevard, NC",35.202177808682286,-82.79830007686677
14860,"Bridgeport-Stamford-Norwalk, CT",41.2249600847636,-73.37120461309048
15020,"Brookhaven, MS",31.532384395264636,-90.45397123887592
15060,"Brookings, OR",42.46658065613414,-124.2152206832395
15100,"Brookings, SD",44.36967961088122,-96.79042100840645
15140,"Brownsville, TN",35.583221834632,-89.2838357979621
15180,"Brownsville-Harlingen, TX",26.151341241217647,-97.4529679994868
15220,"Brownwood, TX",31.77426241580237,-98.99979417599307
15260,"Brunswick, GA",31.30554713410615,-81.58717758566775
15340,"Bucyrus-Galion, OH",40.85077257349779,-82.91977770240716
15380,"Buffalo-Cheektowaga, NY",43.0378677965089,-78.77538439997636
15420,"Burley, ID",42.41485935858092,-113.60867051773828
17140,"Cincinnati, OH-KY-IN",39.100681873304,-84.48113861844278
17220,"Clarksburg, WV",39.28859436002347,-80.43042375784756
17260,"Clarksdale, MS",34.23001092533408,-90.60172236463863
17300,"Clarksville, TN-KY",36.69294910063714,-87.62305579344209
17340,"Clearlake, CA",39.099645344388016,-122.75318390907553
17380,"Cleveland, MS",33.79706842155498,-90.88056922916188
17420,"Cleveland, TN",35.13455972162883,-84.66740988649211
17460,"Cleveland-Elyria, OH",41.59241517978611,-81.66112344400182
17500,"Clewiston, FL",26.553415740632726,-81.16589557039933
17540,"Clinton, IA",41.89803580541182,-90.53197243566383
17580,"Clovis, NM",34.574191478191636,-103.34702922809969
17620,"Coamo, PR",18.09730466533533,-66.36016992094912
17640,"Coco, PR",17.972954012563363,-66.26197566154893
17660,"Coeur d'Alene, ID",47.67435662703902,-116.70176203050892
17700,"Coffeyville, KS",37.19252380036867,-95.74287808414283
17740,"Coldwater, MI",41.91611864534601,-85.05904435890756
17780,"College Station-Bryan, TX",30.756539295700684,-96.48896679597794
17820,"Colorado Springs, CO",38.84256756606476,-104.65788043676254
17860,"Columbia, MO",38.98381004134492,-92.57932989790714
17900,"Columbia, SC",34.091756602515716,-81.04238856764853
17980,"Columbus, GA-AL",32.418225192774784,-84.84393260205461
18020,"Columbus, IN",39.20597057207058,-85.89760297315814
18060,"Columbus, MS",33.47290926804866,-88.44331348710458
18100,"Columbus, NE",41.57128676538036,-97.521156995843
18140,"Columbus, OH",39.96812891462146,-82.83677951827725
18180,"Concord, NH",43.297496256785514,-71.68027646165439
18220,"Connersville, IN",39.640055842461955,-85.17872496281029
18260,"Cookeville, TN",36.2780082908872,-85.46648232262692
18300,"Coos Bay, OR",43.18516215311549,-124.09331877504388
18380,"Cordele, GA",31.922929916951386,-83.76810222181258
18420,"Corinth, MS",34.88077145759662,-88.58026455958317
18460,"Cornelia, GA",34.63103328215364,-83.53112896993832
18500,"Corning, NY",42.267817947917194,-77.38380248339276
18580,"Corpus Christi, TX",27.838641904519704,-97.51701843252292
18620,"Corsicana, TX",32.04694285761578,-96.47248640733731
18660,"Cortland, NY",42.5950071503584,-76.07026690621693
18700,"Corvallis, OR",44.491799035398586,-123.42924906318692
18740,"Coshocton, OH",40.30164929657853,-81.92001859385869
18780,"Craig, CO",40.61842222001418,-108.20729060393558
18820,"Crawfordsville, IN",40.040378523538905,-86.89329979619563
18860,"Crescent City, CA",41.74494236553364,-123.9578013558276
22220,"Fayetteville-Springdale-Rogers, AR",36.10834925997586,-94.07549416514505
22260,"Fergus Falls, MN",46.4088216161565,-95.7080446928856
22280,"Fernley, NV",39.020640900350315,-119.1889981294216
22300,"Findlay, OH",41.00193837569518,-83.66653540649669
22340,"Fitzgerald, GA",31.75978194693208,-83.22045897086592
22380,"Flagstaff, AZ",35.83872482945673,-111.77052095590304
22420,"Flint, MI",43.021722898592955,-83.7067110271282
22500,"Florence, SC",34.15201945403392,-79.80845001146344
22520,"Florence-Muscle Shoals, AL",34.80820994032728,-87.72400120276168
22540,"Fond du Lac, WI",43.75358945430083,-88.48826310613262
22580,"Forest City, NC",35.4025956282258,-81.9198334623533
22620,"Forrest City, AR",35.02198593097183,-90.74783683547643
22660,"Fort Collins, CO",40.66641924752511,-105.46114605412657
22700,"Fort Dodge, IA",42.42794266413178,-94.1817646185475
22780,"Fort Leonard Wood, MO",37.82462505231523,-92.20766254057168
22800,"Fort Madison-Keokuk, IA-IL-MO",40.474572946020594,-91.41309101138025
22820,"Fort Morgan, CO",40.2627443760512,-103.80982223744724
22840,"Fort Payne, AL",34.45976662489959,-85.80414373090842
22860,"Fort Polk South, LA",31.108331932234638,-93.18428298013133
22900,"Fort Smith, AR-OK",35.45748035710643,-94.30907477740332
23060,"Fort Wayne, IN",41.10730299806277,-85.21513400326995
23140,"Frankfort, IN",40.301690594182745,-86.47515953119613
23180,"Frankfort, KY",38.12390003408235,-84.93288871303244
23240,"Fredericksburg, TX",30.31805480273906,-98.94648001567583
23300,"Freeport, IL",42.35182910358377,-89.66225429355741
23340,"Fremont, NE",41.57788717848924,-96.65398383526873
23380,"Fremont, OH",41.35741642764109,-83.14391567496727
23420,"Fresno, CA",36.758180126437615,-119.64932262928734
23460,"Gadsden, AL",34.045254396192604,-86.03476231323789
23500,"Gaffney, SC",35.0481425361613,-81.62055029109314
23540,"Gainesville, FL",29.456177955780092,-82.66931149334535
23580,"Gainesville, GA",34.316891023667495,-83.81968616800417
23620,"Gainesville, TX",33.63920034713908,-97.21262612813689
23660,"Galesburg, IL",40.93182798206816,-90.21323826203239
23700,"Gallup, NM",35.580664187591424,-108.26182317952927
23780,"Garden City, KS",38.02663683695853,-100.97046478270407
23820,"Gardnerville Ranchos, NV",38.91228424654755,-119.61613899563936
23860,"Georgetown, SC",33.41277509904224,-79.29927392569034
23900,"Gettysburg, PA",39.87145200353457,-77.2178797898149
23940,"Gillette, WY",44.24916889901915,-105.03632082980383
23980,"Glasgow, KY",36.97476956017336,-85.82160444774992
18880,"Crestview-Fort Walton Beach-Destin, FL",30.59195315824487,-86.37110178557715
18900,"Crossville, TN",35.95038790465703,-84.99835158185971
18980,"Cullman, AL",34.131941071070784,-86.86761946327218
19000,"Cullowhee, NC",35.3916876758227,-83.32471943248409
19060,"Cumberland, MD-WV",39.531720178235965,-78.80442003835911
19100,"Dallas-Fort Worth-Arlington, TX",32.84950814529874,-96.97039146259775
19140,"Dalton, GA",34.79628157757063,-84.84810820416499
19180,"Danville, IL",40.183401621033205,-87.73281521398899
19220,"Danville, KY",37.51496127791225,-84.73348119319549
19260,"Danville, VA",36.81114515922356,-79.39761772631705
19300,"Daphne-Fairhope-Foley, AL",30.66097004728905,-87.74984055383324
19340,"Davenport-Moline-Rock Island, IA-IL",41.3968794892383,-90.46591176167078
19420,"Dayton, TN",35.60867079400655,-84.92442485859756
19430,"Dayton-Kettering, OH",39.82950818824253,-84.1419309451303
19460,"Decatur, AL",34.49063567072672,-87.1026358522148
19500,"Decatur, IL",39.860002788050046,-88.96155193153001
19540,"Decatur, IN",40.74565993133337,-84.93665471888953
19580,"Defiance, OH",41.323916095797735,-84.49049512092488
19620,"Del Rio, TX",29.89296013663703,-101.15171519751321
19660,"Deltona-Daytona Beach-Ormond Beach, FL",29.179944380606624,-81.18984081135629
19700,"Deming, NM",32.18221554921972,-107.7497719273832
19740,"Denver-Aurora-Lakewood, CO",39.43373439368129,-104.89438965895127
19760,"DeRidder, LA",30.648584060449405,-93.34323538750337
19780,"Des Moines-West Des Moines, IA",41.57566612067033,-93.76182684544072
19820,"Detroit-Warren-Dearborn, MI",42.716181896687274,-83.20581686886989
19860,"Dickinson, ND",46.9093487740022,-102.98932619708641
19940,"Dixon, IL",41.74610544373805,-89.30030925039655
19980,"Dodge City, KS",37.69170363014784,-99.88794237839569
20020,"Dothan, AL",31.25289405501186,-85.46172514818063
20060,"Douglas, GA",31.45770233316771,-82.86038261485491
20100,"Dover, DE",39.095954769880386,-75.50461385378352
20140,"Dublin, GA",32.50958935968983,-82.80749634650847
20180,"DuBois, PA",41.0000388873189,-78.47417644711551
20220,"Dubuque, IA",42.46882243268055,-90.88252185038276
20260,"Duluth, MN-WI",47.36880618159551,-92.15101048119104
20300,"Dumas, TX",35.83768725257113,-101.89292280966427
20340,"Duncan, OK",34.48557985479397,-97.85153065929674
20420,"Durango, CO",37.28658194831173,-107.84327068471887
20460,"Durant, OK",33.96224041946892,-96.25976209366281
20500,"Durham-Chapel Hill, NC",36.06285128497428,-78.99706559624454
20540,"Dyersburg, TN",36.059194982801934,-89.41367406312077
20580,"Eagle Pass, TX",28.742590130574662,-100.31451417132394
20660,"Easton, MD",38.749100178308844,-76.17861706030105
20700,"East Stroudsburg, PA",41.05806887101509,-75.33952551370459
20740,"Eau Claire, WI",44.93880041658287,-91.28220957674988
20780,"Edwards, CO",39.6278256165796,-106.69529925700365
20820,"Effingham, IL",39.05978193955748,-88.58985336101954
20900,"El Campo, TX",29.277861645737392,-96.22210423965157
20940,"El Centro, CA",33.039590432776336,-115.36533696120804
20980,"El Dorado, AR",33.17137633114198,-92.59727319342483
21020,"Elizabeth City, NC",36.21833314893836,-76.33345941074425
21060,"Elizabethtown-Fort Knox, KY",37.7377092853654,-85.97386058244817
21120,"Elk City, OK",35.26870417480757,-99.681956480755
21140,"Elkhart-Goshen, IN",41.597384479912634,-85.85875527407273
21180,"Elkins, WV",38.7747231231862,-79.87579557353166
21220,"Elko, NV",40.921756047048405,-115.53332554745356
21260,"Ellensburg, WA",47.12426615192881,-120.67968323465492
21300,"Elmira, NY",42.141253778759506,-76.7600219670762
21340,"El Paso, TX",31.513082793983394,-105.54104659640811
21380,"Emporia, KS",38.3828637042871,-96.36255636347583
21420,"Enid, OK",36.37906146116868,-97.78272278811752
21460,"Enterprise, AL",31.40262717951866,-85.98820692631307
21500,"Erie, PA",42.11749624639765,-80.09815349902229
21540,"Escanaba, MI",45.791636457745405,-86.8705966508045
21580,"Española, NM",36.509580272077,-106.69308368120804
21640,"Eufaula, AL-GA",31.869260636175124,-85.33675402425159
21660,"Eugene-Springfield, OR",43.94155547408814,-122.87663764141422
21700,"Eureka-Arcata, CA",40.70500907823149,-123.91581944406825
21740,"Evanston, WY",41.2874919209699,-110.54756169338141
21780,"Evansville, IN-KY",37.97109727116696,-87.57911002360511
21820,"Fairbanks, AK",64.80776615647794,-146.56542285479483
21840,"Fairfield, IA",41.03176206665082,-91.94887287864174
21860,"Fairmont, MN",43.67436209093538,-94.55107032748838
21900,"Fairmont, WV",39.50999507272124,-80.24339834250836
21980,"Fallon, NV",39.58088742637855,-118.3357310298619
22020,"Fargo, ND-MN",46.917813241494905,-96.96549413685241
22060,"Faribault-Northfield, MN",44.354264294599425,-93.29667830524532
22100,"Farmington, MO",37.81028305807519,-90.47226758653959
22140,"Farmington, NM",36.50851076583742,-108.3206031624615
22180,"Fayetteville, NC",35.15817831168339,-78.93986022108308
15460,"Burlington, IA-IL",40.872884809913344,-91.05876358010194
15500,"Burlington, NC",36.04370987716588,-79.39942481694268
15540,"Burlington-South Burlington, VT",44.68675846839906,-73.03148201384967
15580,"Butte-Silver Bow, MT",45.902404449645715,-112.65671346840175
15620,"Cadillac, MI",44.3378442883171,-85.33687073373999
15660,"Calhoun, GA",34.5031701934327,-84.87591392084526
15680,"California-Lexington Park, MD",38.215862401368504,-76.52906066329398
15700,"Cambridge, MD",38.42260804271404,-76.08332531091462
15740,"Cambridge, OH",40.05205364552501,-81.49425622131196
15780,"Camden, AR",33.57710252997265,-92.70732871651556
15820,"Campbellsville, KY",37.31423322142024,-85.44277852731909
15860,"Cañon City, CO",38.47307452268998,-105.43951446815387
15940,"Canton-Massillon, OH",40.718663548088735,-81.25347157214352
15980,"Cape Coral-Fort Myers, FL",26.563496711446945,-81.98483599666149
16020,"Cape Girardeau, MO-IL",37.32448494964963,-89.76981524988689
16060,"Carbondale-Marion, IL",37.68653587447069,-89.11313288173262
16100,"Carlsbad-Artesia, NM",32.47146285826641,-104.30446575907165
16140,"Carroll, IA",42.036233289358876,-94.86055416877535
16180,"Carson City, NV",39.15112043506739,-119.74755634953883
16220,"Casper, WY",42.962240445768444,-106.79849380294766
16260,"Cedar City, UT",37.859193131234015,-113.2894658419521
16300,"Cedar Rapids, IA",42.09147230641676,-91.6313309623106
16340,"Cedartown, GA",34.00178448544975,-85.18815338218799
16380,"Celina, OH",40.540011365234065,-84.62936034185148
16420,"Central City, KY",37.215792266320236,-87.14204166348102
16460,"Centralia, IL",38.64957811055271,-88.91898111566925
16500,"Centralia, WA",46.57776817522099,-122.39263834749154
16540,"Chambersburg-Waynesboro, PA",39.927414665414624,-77.72124492485554
16580,"Champaign-Urbana, IL",40.100489264324125,-88.31879620945722
16620,"Charleston, WV",38.35609945971407,-81.61906048880475
16660,"Charleston-Mattoon, IL",39.42053431617149,-88.22920472148364
16700,"Charleston-North Charleston, SC",33.01650936307635,-80.01058633137919
16740,"Charlotte-Concord-Gastonia, NC-SC",35.16859133036,-80.79535941810923
16820,"Charlottesville, VA",37.95010316369758,-78.59289954649573
16860,"Chattanooga, TN-GA",35.051957468766034,-85.35914011341727
16940,"Cheyenne, WY",41.307067685455806,-104.68962056297144
16980,"Chicago-Naperville-Elgin, IL-IN-WI",41.824839362692344,-87.82961900366342
17020,"Chico, CA",39.66692936292088,-121.60067173521645
17060,"Chillicothe, OH",39.33762772544185,-83.05702557918829
10100,"Aberdeen, SD",45.52157878168558,-98.69595397783579
10140,"Aberdeen, WA",47.14440907378724,-123.82862082464456
10180,"Abilene, TX",32.44969004520949,-99.71767832499305
10220,"Ada, OK",34.72804505449917,-96.6843760529783
10300,"Adrian, MI",41.89508375770342,-84.06636674805362
10380,"Aguadilla-Isabela, PR",18.35928401330561,-67.00106109461746
10420,"Akron, OH",41.148731010706676,-81.3495338629237
10460,"Alamogordo, NM",32.613144676719934,-105.74144255453645
10500,"Albany, GA",31.64645977940065,-84.11531925517151
10540,"Albany-Lebanon, OR",44.48867765808742,-122.53443533683125
10580,"Albany-Schenectady-Troy, NY",42.78850424883198,-73.94197350053048
10620,"Albemarle, NC",35.31192279523007,-80.25099517241682
10660,"Albert Lea, MN",43.67384418031576,-93.34881585784996
10700,"Albertville, AL",34.366962099876694,-86.30663696538569
10740,"Albuquerque, NM",35.12229764573535,-106.47158260819437
10760,"Alexander City, AL",32.89675684112274,-86.00697601145166
10780,"Alexandria, LA",31.33056705870453,-92.54184406219271
10820,"Alexandria, MN",45.93375205847047,-95.4535046753841
10860,"Alice, TX",27.69764023718026,-98.37225864176708
10900,"Allentown-Bethlehem-Easton, PA-NJ",40.789355927351814,-75.40385918797833
10940,"Alma, MI",43.292732675109235,-84.60491104869001
10980,"Alpena, MI",45.031107506736944,-83.16520109097407
11020,"Altoona, PA",40.48108540856323,-78.34838631586122
11060,"Altus, OK",34.58797096825099,-99.41475850846682
11100,"Amarillo, TX",35.24888863894822,-101.90954513555117
11140,"Americus, GA",32.096402731206766,-84.22700914428974
11180,"Ames, IA",42.03637217697806,-93.69833683017421
11220,"Amsterdam, NY",42.9022816290502,-74.4396826879387
11260,"Anchorage, AK",62.224372805161565,-149.55442641315196
11380,"Andrews, TX",32.30503565957876,-102.63781512097847
11420,"Angola, IN",41.643867868399596,-85.00076485073733
11460,"Ann Arbor, MI",42.25322534867916,-83.83877050787677
11500,"Anniston-Oxford, AL",33.771432449331044,-85.82603085641125
11540,"Appleton, WI",44.28903134910551,-88.3711532607242
11580,"Arcadia, FL",27.186301955148892,-81.80944358662389
11620,"Ardmore, OK",34.13383744380105,-97.26958851948338
11640,"Arecibo, PR",18.43988779176732,-66.75917957452266
11660,"Arkadelphia, AR",34.05092604908577,-93.17635064182195
11700,"Asheville, NC",35.60062460422662,-82.68264601731329
11740,"Ashland, OH",40.84601629621124,-82.2706832541296
11780,"Ashtabula, OH",41.896381139978885,-80.75901079013084
11820,"Astoria, OR",46.01752615117685,-123.71699916094857
11860,"Atchison, KS",39.53174000327237,-95.31344464860219
11900,"Athens, OH",39.33385761041864,-82.04512197301682
11940,"Athens, TN",35.42474447125078,-84.61747488522633
11980,"Athens, TX",32.211908654375506,-95.85361697364813
49260,"Woodward, OK",36.32128668202811,-99.50808422408676
49300,"Wooster, OH",40.828853925657384,-81.88801062297037
49340,"Worcester, MA-CT",42.222805274304186,-71.92739605388681
49380,"Worthington, MN",43.67423978964122,-95.75338644582635
49420,"Yakima, WA",46.45702642862669,-120.73849042592795
49460,"Yankton, SD",43.00896574845828,-97.39476512280642
49500,"Yauco, PR",18.01177176782215,-66.83070989878235
49620,"York-Hanover, PA",39.9199582753919,-76.72651405925117
49660,"Youngstown-Warren-Boardman, OH-PA",41.23780950235521,-80.5676412479749
49700,"Yuba City, CA",39.15530696268841,-121.51789265117824
49740,"Yuma, AZ",32.76961884111249,-113.90561880073031
49780,"Zanesville, OH",39.965421853486724,-81.94438265500945
49820,"Zapata, TX",27.00077815542352,-99.16861279051426
24020,"Glens Falls, NY",43.443549422503075,-73.648811181672
24060,"Glenwood Springs, CO",39.505021095838245,-107.66037767802047
24100,"Gloversville, NY",43.113846854618586,-74.42217481339507
24140,"Goldsboro, NC",35.363959966698275,-78.00399712735964
24180,"Granbury, TX",32.42992868865979,-97.83227674559548
24220,"Grand Forks, ND-MN",47.835959649762636,-96.84438541696801
24260,"Grand Island, NE",41.08670283309737,-98.36534666715755
24300,"Grand Junction, CO",39.01829049549695,-108.46644018216209
24330,"Grand Rapids, MN",47.509518637375,-93.63200069501485
24340,"Grand Rapids-Kentwood, MI",43.036144868506625,-85.7751850015322
24380,"Grants, NM",34.912577982930124,-107.99972431747878
24420,"Grants Pass, OR",42.36549924369848,-123.55549766819553
24460,"Great Bend, KS",38.47896396788826,-98.75646429296096
24500,"Great Falls, MT",47.307954448525145,-111.34704586416089
24540,"Greeley, CO",40.554829958187696,-104.39253137659092
24580,"Green Bay, WI",44.69882136481496,-87.82507975381473
24620,"Greeneville, TN",36.175351245789,-82.8458266591855
24660,"Greensboro-High Point, NC",36.02586087656985,-79.79160155029106
24700,"Greensburg, IN",39.30699993429243,-85.5011430488422
24740,"Greenville, MS",33.28382476939247,-90.9473202223709
24780,"Greenville, NC",35.59329897462113,-77.37449655189617
24820,"Greenville, OH",40.13322444061239,-84.61931856651967
24860,"Greenville-Anderson, SC",34.68512502393885,-82.41388706216784
24900,"Greenwood, MS",33.49839528966261,-90.10641288385771
24940,"Greenwood, SC",34.1537009340963,-82.1259255111137
24980,"Grenada, MS",33.76995386213428,-89.80200615315826
25020,"Guayama, PR",17.980417771210675,-66.06990728025137
25060,"Gulfport-Biloxi, MS",30.483604168068652,-89.00062193124677
25100,"Guymon, OK",36.74790216652487,-101.49010007234855
25180,"Hagerstown-Martinsburg, MD-WV",39.549902472308496,-77.98137695712245
25200,"Hailey, ID",43.42679507570645,-114.21882012723601
25220,"Hammond, LA",30.626645940879055,-90.40566272862532
25260,"Hanford-Corcoran, CA",36.07522468831137,-119.81547270473742
25300,"Hannibal, MO",39.66116632706095,-91.57014879759072
25420,"Harrisburg-Carlisle, PA",40.326667851864066,-77.10119768520484
25460,"Harrison, AR",36.08459449390104,-93.16433611011782
25500,"Harrisonburg, VA",38.51049871516006,-78.87570633258834
25540,"Hartford-East Hartford-Middletown, CT",41.7181286634242,-72.5726614297373
25580,"Hastings, NE",40.52446870390317,-98.50120895429335
25620,"Hattiesburg, MS",31.278628700779873,-89.29501051167685
25700,"Hays, KS",38.91475125281333,-99.31723162325589
25720,"Heber, UT",40.6590585430092,-111.03849887583888
25740,"Helena, MT",46.812802461243585,-112.29614004320877
25760,"Helena-West Helena, AR",34.42748780972794,-90.84881877071929
25780,"Henderson, NC",36.36491693328847,-78.40792888489209
25820,"Hereford, TX",34.966019036630634,-102.60492683746278
25840,"Hermiston-Pendleton, OR",45.525010045797444,-119.06489452187583
25860,"Hickory-Lenoir-Morganton, NC",35.81290420820172,-81.45428440205184
25880,"Hillsdale, MI",41.8877674903562,-84.59292780424305
25900,"Hilo, HI",19.60239681754193,-155.522885864416
25940,"Hilton Head Island-Bluffton, SC",32.38448907872114,-80.83468764493179
25980,"Hinesville, GA",31.785309549381807,-81.57238709989522
26020,"Hobbs, NM",32.79214934740858,-103.41247812625586
26090,"Holland, MI",42.5936732691903,-86.29176519885085
26140,"Homosassa Springs, FL",28.852154488461903,-82.59424495742778
26220,"Hood River, OR",45.5190279206326,-121.65109138462823
26260,"Hope, AR",33.70285047614871,-93.50381881788668
26300,"Hot Springs, AR",34.57671324520718,-93.15040048280301
26340,"Houghton, MI",47.571331896821,-88.33169169967036
26380,"Houma-Thibodaux, LA",29.404820780857865,-90.65753635095948
26420,"Houston-The Woodlands-Sugar Land, TX",29.750006806015694,-95.35403600724402
26460,"Hudson, NY",42.25007010335299,-73.63187050612578
26500,"Huntingdon, PA",40.41693449463614,-77.9812075385724
26540,"Huntington, IN",40.829239957462605,-85.48817227771629
26580,"Huntington-Ashland, WV-KY-OH",38.40662401366333,-82.54113890348164
26620,"Huntsville, AL",34.78318967859786,-86.73464420937789
26660,"Huntsville, TX",30.739044859849603,-95.57228392922924
26700,"Huron, SD",44.311747344567216,-98.38185515355264
26740,"Hutchinson, KS",37.952952851649776,-98.08600665636368
26780,"Hutchinson, MN",44.82355906933828,-94.27243561331544
26820,"Idaho Falls, ID",43.622505474351364,-112.427874419251
26860,"Indiana, PA",40.65195740132567,-79.08756390867059
26900,"Indianapolis-Carmel-Anderson, IN",39.74743133131516,-86.20613804524172
26940,"Indianola, MS",33.602312888343526,-90.5886186268463
26980,"Iowa City, IA",41.5113304552223,-91.64998527542635
27020,"Iron Mountain, MI-WI",45.94657647509856,-88.07599643793077
27060,"Ithaca, NY",42.45201867878993,-76.47365413008143
27100,"Jackson, MI",42.24848739576582,-84.42343730330055
27140,"Jackson, MS",32.43012282892909,-90.20246303181253
27160,"Jackson, OH",39.01967218917576,-82.61838293903223
27180,"Jackson, TN",35.74628147184099,-88.88105829562811
27220,"Jackson, WY-ID",43.91778228674824,-110.64924307702219
27260,"Jacksonville, FL",30.234071342708408,-81.75749735840586
27300,"Jacksonville, IL",39.69369579911635,-90.28512338098693
27340,"Jacksonville, NC",34.70983636312391,-77.41576582454968
27380,"Jacksonville, TX",31.83695464623292,-95.16518313804472
27420,"Jamestown, ND",46.97925514557378,-98.95883806700688
27460,"Jamestown-Dunkirk-Fredonia, NY",42.30293828651852,-79.40579072117627
27500,"Janesville-Beloit, WI",42.6712181288478,-89.07155826450085
27530,"Jasper, AL",33.803334736300805,-87.29735739369937
27540,"Jasper, IN",38.37943969094892,-87.03463984468836
27580,"Jayuya, PR",18.210645912568417,-66.58844533396962
27600,"Jefferson, GA",34.1338769621681,-83.56636434958185
27620,"Jefferson City, MO",38.63981281482839,-92.09169258749527
27660,"Jennings, LA",30.267712856229544,-92.81412184004122
27700,"Jesup, GA",31.551464438312156,-81.9168048306104
27740,"Johnson City, TN",36.25374770236552,-82.33444175850204
27780,"Johnstown, PA",40.49525859362244,-78.71346685628582
27860,"Jonesboro, AR",35.69819495712815,-90.64839674696829
27900,"Joplin, MO",37.05654312507667,-94.33993509210296
27940,"Juneau, AK",58.44393517609758,-134.23033919110182
27980,"Kahului-Wailuku-Lahaina, HI",20.86773540802706,-156.61705880149427
28020,"Kalamazoo-Portage, MI",42.24545400254783,-85.53118453775087
28060,"Kalispell, MT",48.29512884477701,-114.04967471249054
28100,"Kankakee, IL",41.13771847240905,-87.86183178455771
28140,"Kansas City, MO-KS",38.93714601724141,-94.44438719838324
28180,"Kapaa, HI",22.011079869798458,-159.7054382002228
28260,"Kearney, NE",40.73494834974307,-99.03117378686264
28300,"Keene, NH",42.91933142864909,-72.25117527448806
28340,"Kendallville, IN",41.39859950330762,-85.41746672847249
28380,"Kennett, MO",36.27213689671361,-90.09091233288756
28420,"Kennewick-Richland, WA",46.363562469943794,-119.25426632445614
28500,"Kerrville, TX",30.061483803662885,-99.35015975322922
28540,"Ketchikan, AK",55.488514859469426,-131.030510342727
28580,"Key West, FL",25.039136353163556,-81.36419095712847
28620,"Kill Devil Hills, NC",35.66493669402213,-75.6852333133859
28660,"Killeen-Temple, TX",31.207838539847508,-97.78759123492635
28700,"Kingsport-Bristol, TN-VA",36.60777362434839,-82.4426031795874
28740,"Kingston, NY",41.88814562685302,-74.25856951631741
28780,"Kingsville, TX",27.10760086953013,-97.6479579600753
28820,"Kinston, NC",35.238773161213146,-77.64124862914913
28860,"Kirksville, MO",40.289039722866214,-92.57263139556485
28900,"Klamath Falls, OR",42.68640894061534,-121.65012099551647
28940,"Knoxville, TN",36.02374086407541,-84.19437717580384
29020,"Kokomo, IN",40.48358562128513,-86.1169307283739
29060,"Laconia, NH",43.517968965481764,-71.42269360636266
29100,"La Crosse-Onalaska, WI-MN",43.77928149786145,-91.31964350177375
29180,"Lafayette, LA",29.95580313710423,-92.04486697284962
29200,"Lafayette-West Lafayette, IN",40.47724707210081,-87.02341007555303
29260,"La Grande, OR",45.31022508018088,-118.00877758140517
29300,"LaGrange, GA-AL",32.965056367346016,-85.23731388721629
29340,"Lake Charles, LA",29.985259415961746,-93.25651475130896
29380,"Lake City, FL",30.224239946000004,-82.62153888701114
29420,"Lake Havasu City-Kingman, AZ",35.704068324018955,-113.7579030057322
29460,"Lakeland-Winter Haven, FL",27.948871486325537,-81.69768539566373
29500,"Lamesa, TX",32.74252609927936,-101.94768444057713
29540,"Lancaster, PA",40.04243033465855,-76.24769684758154
29620,"Lansing-East Lansing, MI",42.77112910645922,-84.49627878762509
29660,"Laramie, WY",41.65446874167695,-105.72391073254137
29700,"Laredo, TX",27.761062430081907,-99.3315653042149
29740,"Las Cruces, NM",32.352647713631,-106.83272118332923
29780,"Las Vegas, NM",35.63454942237635,-104.85339398370519
29820,"Las Vegas-Henderson-Paradise, NV",36.21519630845171,-115.01356105204539
29860,"Laurel, MS",31.818076189644017,-89.14418565872415
29900,"Laurinburg, NC",34.84088481164066,-79.48042923669419
29940,"Lawrence, KS",38.88465945278266,-95.2926063048161
29980,"Lawrenceburg, TN",35.2172743548034,-87.39558443687626
30020,"Lawton, OK",34.52417711322345,-98.43479579077274
30060,"Lebanon, MO",37.658318461273964,-92.59035142212998
30100,"Lebanon, NH-VT",43.783517053150405,-72.16118034627641
30140,"Lebanon, PA",40.367231455613236,-76.45771276416707
30220,"Levelland, TX",33.60764268418001,-102.34319717783657
30260,"Lewisburg, PA",40.96296674901266,-77.0622755098937
30280,"Lewisburg, TN",35.468861110180605,-86.76501743859329
30300,"Lewiston, ID-WA",46.269152869160486,-116.94372492087925
30340,"Lewiston-Auburn, ME",44.165848429222635,-70.20644499598612
30380,"Lewistown, PA",40.610413017134505,-77.61704199721495
30420,"Lexington, NE",40.75947016022251,-99.82303058376003
30460,"Lexington-Fayette, KY",38.09050840167398,-84.43305419166138
30580,"Liberal, KS",37.193302803307866,-100.85128724782933
30620,"Lima, OH",40.77152070381405,-84.10577942695238
30660,"Lincoln, IL",40.12453635169074,-89.36752090571143
30700,"Lincoln, NE",40.819919103671815,-96.87081623226132
30780,"Little Rock-North Little Rock-Conway, AR",34.757286979010885,-92.39718499905764
30820,"Lock Haven, PA",41.23405436563076,-77.63810583403293
30860,"Logan, UT-ID",41.889571208981,-111.76897679092792
30900,"Logansport, IN",40.76149149695593,-86.34594655889954
30940,"London, KY",36.98562582315092,-83.957386651981
30980,"Longview, TX",32.43105853798123,-94.67519753350253
31020,"Longview, WA",46.19321954624032,-122.68097454177105
31060,"Los Alamos, NM",35.869315856579405,-106.30734548251898
31080,"Los Angeles-Long Beach-Anaheim, CA",34.11176346103824,-118.18075741460052
31140,"Louisville/Jefferson County, KY-IN",38.30308134619516,-85.68221911748938
31180,"Lubbock, TX",33.46852542493925,-101.64467526146605
31220,"Ludington, MI",43.9960676896498,-86.54509226933548
31260,"Lufkin, TX",31.254783081415496,-94.6118635151071
31300,"Lumberton, NC",34.640246125343715,-79.10386148671599
31340,"Lynchburg, VA",37.3650188976259,-79.21974294445874
31380,"Macomb, IL",40.45623124316934,-90.67787766239906
31420,"Macon-Bibb County, GA",32.85769488473893,-83.71490686576256
31460,"Madera, CA",37.21804405551595,-119.7626445069875
31500,"Madison, IN",38.78576731343011,-85.43857208088205
31540,"Madison, WI",43.08018135526406,-89.59222360691152
31580,"Madisonville, KY",37.30882013649366,-87.54084213695621
31620,"Magnolia, AR",33.214293627886086,-93.22733867386798
31660,"Malone, NY",44.59294662192623,-74.3037617175855
31680,"Malvern, AR",34.31765382877337,-92.9461314128896
31700,"Manchester-Nashua, NH",42.915291505894416,-71.71608246623053
31740,"Manhattan, KS",39.27144079609427,-96.5593600552073
31820,"Manitowoc, WI",44.11068892739041,-87.51237168498386
31860,"Mankato, MN",44.15442605773311,-94.13558228520418
31900,"Mansfield, OH",40.77468433767852,-82.53648439474664
31930,"Marietta, OH",39.45531619330997,-81.49525442842709
31940,"Marinette, WI-MI",45.43175143353226,-87.77364095287435
31980,"Marion, IN",40.51584458707461,-85.65472590363677
32000,"Marion, NC",35.68169247092347,-82.0493124426153
32020,"Marion, OH",40.58718552056315,-83.16090291964092
32100,"Marquette, MI",46.6628779661105,-87.57352410340589
32140,"Marshall, MN",44.413491587104396,-95.83897490150254
32180,"Marshall, MO",39.13683910256926,-93.20185124610656
32260,"Marshalltown, IA",42.03584922629862,-92.99877134631048
32280,"Martin, TN",36.29830267270266,-88.71774384896999
32300,"Martinsville, VA",36.68276950224919,-79.87366517217438
32340,"Maryville, MO",40.36077379365326,-94.88343372547368
32380,"Mason City, IA",43.20360311122677,-93.2608304461636
32420,"Mayagüez, PR",18.188995723288954,-67.50116706729419
32460,"Mayfield, KY",36.723138184908976,-88.65120576570575
32500,"Maysville, KY",38.59517315909988,-83.8242466869676
32540,"McAlester, OK",34.923861652049055,-95.74841443145333
32580,"McAllen-Edinburg-Mission, TX",26.396728486111083,-98.18108719734752
32620,"McComb, MS",31.17490783943201,-90.40416054112664
32660,"McMinnville, TN",35.67868270954711,-85.77849803616793
32700,"McPherson, KS",38.39166664526082,-97.6480798696759
32740,"Meadville, PA",41.684706792990305,-80.10622056635447
32780,"Medford, OR",42.43215588836452,-122.72851787740697
32820,"Memphis, TN-MS-AR",35.02387325984113,-89.86915243348881
32860,"Menomonie, WI",44.946583990399645,-91.89640359901003
32900,"Merced, CA",37.19187046953239,-120.71768800057146
32940,"Meridian, MS",32.413022190323375,-88.66350386310681
33020,"Mexico, MO",39.215755633119144,-91.84158588004783
33060,"Miami, OK",36.83551374766293,-94.81042962048518
33100,"Miami-Fort Lauderdale-Pompano Beach, FL",26.13527567132009,-80.46862510947562
33140,"Michigan City-La Porte, IN",41.549021557186066,-86.74236621345048
33180,"Middlesborough, KY",36.730648248507975,-83.67409506013595
33220,"Midland, MI",43.64685670469559,-84.38810911289035
33260,"Midland, TX",32.089753667271744,-101.99101580206401
33300,"Milledgeville, GA",33.19820178158241,-83.09005729994747
33340,"Milwaukee-Waukesha, WI",43.1803975069772,-87.79696267906132
33380,"Minden, LA",32.71346176576693,-93.33504628615943
33420,"Mineral Wells, TX",32.75318037851169,-98.31302137951754
33460,"Minneapolis-St. Paul-Bloomington, MN-WI",45.10336206962523,-93.27530525891265
33500,"Minot, ND",48.31883794656637,-101.20773495509341
33540,"Missoula, MT",47.03652529860581,-113.92374121986639
33580,"Mitchell, SD",43.67478104481125,-97.9669862767945
33620,"Moberly, MO",39.44016798374851,-92.49707797558123
33660,"Mobile, AL",30.97423541691143,-88.20166647415168
33700,"Modesto, CA",37.55913744414913,-120.9976828837981
33740,"Monroe, LA",32.73283392580217,-92.11836098972205
33780,"Monroe, MI",41.921377515880074,-83.49428636343953
33860,"Montgomery, AL",32.360611126220476,-86.40323998288642
33940,"Montrose, CO",38.35426420669599,-108.17234395554141
33980,"Morehead City, NC",34.86125980843024,-76.53574306691387
34020,"Morgan City, LA",29.634681176719305,-91.47298879869392
34060,"Morgantown, WV",39.52728351458261,-79.80445317548089
34100,"Morristown, TN",36.17393793706442,-83.43063050189535
34140,"Moscow, ID",46.81617621114878,-116.71172317901734
34180,"Moses Lake, WA",47.205664676684066,-119.45176171249133
34220,"Moultrie, GA",31.18839046683273,-83.76884828561275
34260,"Mountain Home, AR",36.28717377643333,-92.33696594552434
34300,"Mountain Home, ID",43.353885401412654,-115.46926235265167
34340,"Mount Airy, NC",36.41465035676279,-80.68792452379378
34350,"Mount Gay-Shamrock, WV",37.83150838221713,-81.93532133965788
34380,"Mount Pleasant, MI",43.64060155629407,-84.84679655305715
34420,"Mount Pleasant, TX",33.138095379895795,-94.96980270807315
34460,"Mount Sterling, KY",38.05202583599633,-83.74892387209758
34500,"Mount Vernon, IL",38.30052343311033,-88.9240091560728
34540,"Mount Vernon, OH",40.39876740983256,-82.42153604692676
34580,"Mount Vernon-Anacortes, WA",48.4820761134579,-121.8016068285871
34620,"Muncie, IN",40.22752531900008,-85.39689930119087
34660,"Murray, KY",36.62110127843936,-88.27220111015309
34700,"Muscatine, IA",41.48392205200506,-91.11275623087145
34740,"Muskegon, MI",43.289929885231636,-86.53523410841422
34780,"Muskogee, OK",35.61613904509566,-95.37947378928114
34820,"Myrtle Beach-Conway-North Myrtle Beach, SC-NC",33.96577044293151,-78.63483122884257
34860,"Nacogdoches, TX",31.615952196553945,-94.61586919283819
34900,"Napa, CA",38.506494135728516,-122.33053757383463
34940,"Naples-Marco Island, FL",26.100370910203463,-81.44452500578157
34980,"Nashville-Davidson--Murfreesboro--Franklin, TN",36.119345983364546,-86.64517878256399
35020,"Natchez, MS-LA",31.460502981346536,-91.52688863806704
35060,"Natchitoches, LA",31.723375717875093,-93.09623012353795
35100,"New Bern, NC",35.10293466569083,-77.0252973325468
35140,"Newberry, SC",34.28981179683933,-81.60011985391151
35220,"New Castle, IN",39.93103973599415,-85.3964353742743
35260,"New Castle, PA",40.99121435539751,-80.33470707017618
35300,"New Haven-Milford, CT",41.3488231658484,-72.8998568472092
35380,"New Orleans-Metairie, LA",29.809291139641136,-89.70759167084425
35420,"New Philadelphia-Dover, OH",40.44093669648586,-81.4737593077144
35440,"Newport, OR",44.64584362663941,-123.90765469645748
35460,"Newport, TN",35.92543741248415,-83.12118301350971
35580,"New Ulm, MN",44.242139715233996,-94.72757131684705
35620,"New York-Newark-Jersey City, NY-NJ-PA",40.77331463824461,-73.87989288485424
35660,"Niles, MI",41.99577768511434,-86.6854211544386
35700,"Nogales, AZ",31.525961256958578,-110.84651690513147
35740,"Norfolk, NE",42.04354871569004,-97.49026967799853
35820,"North Platte, NE",41.234388077212934,-100.77564334887
35840,"North Port-Sarasota-Bradenton, FL",27.327447510029387,-82.41359219605603
35860,"North Vernon, IN",38.996930055109885,-85.6280646003201
35900,"North Wilkesboro, NC",36.20618994802615,-81.16296727975333
35940,"Norwalk, OH",41.14627766532231,-82.59802274170364
35980,"Norwich-New London, CT",41.46678624407725,-72.10651290291808
36020,"Oak Harbor, WA",48.16289703700869,-122.57526295393659
36100,"Ocala, FL",29.21020228651576,-82.05667567080519
36140,"Ocean City, NJ",39.08509810864438,-74.8499770137374
36220,"Odessa, TX",31.86917253830556,-102.54274920791923
36260,"Ogden-Clearfield, UT",41.43269348784113,-112.81582643415493
36300,"Ogdensburg-Massena, NY",44.49640214206508,-75.06895227507306
36340,"Oil City, PA",41.4009659268094,-79.75795383408264
36380,"Okeechobee, FL",27.38630361272846,-80.88858501098404
36420,"Oklahoma City, OK",35.42987340167544,-97.50387646244106
36460,"Olean, NY",42.24865528818652,-78.67882695307316
36500,"Olympia-Lacey-Tumwater, WA",46.92962690588327,-122.83229374408866
36540,"Omaha-Council Bluffs, NE-IA",41.290084200357676,-95.99912450356084
36580,"Oneonta, NY",42.63376356791823,-75.03260595131492
36620,"Ontario, OR-ID",43.22616152182918,-117.58844376700164
36660,"Opelousas, LA",30.59893148015031,-92.0058237532996
36700,"Orangeburg, SC",33.43899147837995,-80.80029973455264
36740,"Orlando-Kissimmee-Sanford, FL",28.43434643022724,-81.3630535314832
36780,"Oshkosh-Neenah, WI",44.068876893173076,-88.64465875328652
36820,"Oskaloosa, IA",41.33520345833587,-92.64090935965109
36830,"Othello, WA",46.983343819318215,-118.5606330623978
36837,"Ottawa, IL",41.357045220087244,-89.17333254472238
36840,"Ottawa, KS",38.564517452640146,-95.28594823801618
36900,"Ottumwa, IA",41.030584536734466,-92.40944988579555
36940,"Owatonna, MN",44.02234374059129,-93.2260411002779
36980,"Owensboro, KY",37.699649712941486,-87.06946335585694
37060,"Oxford, MS",34.35675780592797,-89.48491926712343
37100,"Oxnard-Thousand Oaks-Ventura, CA",34.357068891404964,-119.12601381132728
37120,"Ozark, AL",31.431827069872615,-85.61103681825362
37140,"Paducah, KY-IL",37.137931945353245,-88.67217421680486
37220,"Pahrump, NV",38.04238159229693,-116.47193133398764
37260,"Palatka, FL",29.608634847606865,-81.74430412777951
37300,"Palestine, TX",31.81332566762182,-95.65254717837853
37340,"Palm Bay-Melbourne-Titusville, FL",28.300317937857894,-80.7012087649599
37420,"Pampa, TX",35.61980821406553,-100.81300101984809
37460,"Panama City, FL",30.132460715873876,-85.63319094816069
37500,"Paragould, AR",36.11768007535999,-90.55905712015799
37540,"Paris, TN",36.331837580184306,-88.30121356858379
37580,"Paris, TX",33.667262048266664,-95.57120069910027
37620,"Parkersburg-Vienna, WV",39.13880389058161,-81.46270909171409
37660,"Parsons, KS",37.19132734813712,-95.29757614203747
37740,"Payson, AZ",33.79970236516231,-110.8116368639038
37770,"Pearsall, TX",28.86781758833878,-99.10826678293256
37780,"Pecos, TX",31.430890436907944,-103.66997462638915
37800,"Pella, IA",41.334451876737496,-93.09943715680126
37860,"Pensacola-Ferry Pass-Brent, FL",30.6049888302074,-87.15692947060433
37900,"Peoria, IL",40.707324552002724,-89.69478638258502
37940,"Peru, IN",40.76950400982787,-86.04502307429118
37980,"Philadelphia-Camden-Wilmington, PA-NJ-DE-MD",39.89584452029202,-75.31171167051579
38060,"Phoenix-Mesa-Chandler, AZ",33.185865747221605,-112.07070114747188
38100,"Picayune, MS",30.76871049417962,-89.58975063135358
38180,"Pierre, SD",44.40427807535186,-100.48041039916113
38220,"Pine Bluff, AR",34.07728614335393,-91.94992699632583
38240,"Pinehurst-Southern Pines, NC",35.310654003363226,-79.48137491012359
38260,"Pittsburg, KS",37.507315106935664,-94.85181137108668
38300,"Pittsburgh, PA",40.43915792157208,-79.83098856450866
38340,"Pittsfield, MA",42.37067563561861,-73.20641356612106
38380,"Plainview, TX",34.070512509629566,-101.82688130032702
38420,"Platteville, WI",42.867481876198994,-90.7062204212474
38460,"Plattsburgh, NY",44.74622328294961,-73.67817574382286
38500,"Plymouth, IN",41.32484895987211,-86.26176129125336
38540,"Pocatello, ID",42.68250208673362,-112.56767029470218
38580,"Point Pleasant, WV-OH",38.79800995706956,-82.17597656938497
38620,"Ponca City, OK",36.81800344346322,-97.14393802159398
38660,"Ponce, PR",18.042107617996344,-66.58836400791552
38700,"Pontiac, IL",40.89155788695702,-88.55771580761213
38740,"Poplar Bluff, MO",36.686230020031736,-90.62353583074065
38780,"Portales, NM",34.021183382757904,-103.48002530011496
38820,"Port Angeles, WA",48.110291717859404,-123.93421390717091
38860,"Portland-South Portland, ME",43.6529636452043,-70.41687104965185
38900,"Portland-Vancouver-Hillsboro, OR-WA",45.59836591096547,-122.4782857953843
38920,"Port Lavaca, TX",28.43910926855146,-96.61507367330577
38940,"Port St. Lucie, FL",27.22465861370662,-80.4209965619679
39020,"Portsmouth, OH",38.80390381646238,-82.99288891030133
39060,"Pottsville, PA",40.70578677419558,-76.21594230521013
39100,"Poughkeepsie-Newburgh-Middletown, NY",41.582697596928455,-74.02565296450204
39150,"Prescott Valley-Prescott, AZ",34.599844436687775,-112.55373566997298
39220,"Price, UT",39.64813836561324,-110.58879808550331
39260,"Prineville, OR",44.142179837187086,-120.35658095016998
39300,"Providence-Warwick, RI-MA",41.64493434454452,-71.38966600426777
39340,"Provo-Orem, UT",39.8645037807714,-112.35263882372772
39380,"Pueblo, CO",38.173420234798876,-104.51284554996248
39420,"Pullman, WA",46.901202029074575,-117.52305773210206
39460,"Punta Gorda, FL",26.896715874841913,-81.99736518575551
39500,"Quincy, IL-MO",40.02822826967616,-91.38591920865711
39540,"Racine, WI",42.751174281128456,-87.69608098191398
39580,"Raleigh-Cary, NC",35.75727555100711,-78.4608316228882
39660,"Rapid City, SD",44.3179606756154,-102.76413233012778
39700,"Raymondville, TX",26.476966333181288,-97.5916576374047
39740,"Reading, PA",40.416295655518304,-75.92599890924683
39780,"Red Bluff, CA",40.125736183379416,-122.2338848517591
39820,"Redding, CA",40.76376660115618,-122.04052152825957
39860,"Red Wing, MN",44.40968347596125,-92.72290362022116
39900,"Reno, NV",40.619074689947354,-119.65916696986294
39940,"Rexburg, ID",44.1404803862914,-111.51715005280529
39980,"Richmond, IN",39.86441646115243,-85.0098761362239
40060,"Richmond, VA",37.412478837019954,-77.44619762196952
40080,"Richmond-Berea, KY",37.710053912834915,-84.1633014905373
40100,"Rio Grande City-Roma, TX",26.562153043801953,-98.73839959245217
40140,"Riverside-San Bernardino-Ontario, CA",34.551688252115945,-116.12973933507148
40180,"Riverton, WY",43.040528097310045,-108.63041812366376
40220,"Roanoke, VA",37.28608901500518,-79.94656261838851
40260,"Roanoke Rapids, NC",36.326424280871024,-77.54203476074747
40300,"Rochelle, IL",42.04256635511089,-89.32072665637003
40340,"Rochester, MN",43.9560081331345,-92.338090398775
40380,"Rochester, NY",43.14907482236555,-77.52207127993111
40420,"Rockford, IL",42.331614094981006,-89.04208114669744
40460,"Rockingham, NC",35.00604835446355,-79.74777802260814
40530,"Rockport, TX",28.08472040647775,-96.99143873430724
40540,"Rock Springs, WY",41.6594961408473,-108.87943078410306
40580,"Rocky Mount, NC",35.94100595422943,-77.7984873987802
40620,"Rolla, MO",37.87712858468108,-91.79236489205572
40660,"Rome, GA",34.26316269149035,-85.21427864507204
40700,"Roseburg, OR",43.28534623542893,-123.17955686290122
40740,"Roswell, NM",33.36331806459786,-104.46687957921263
40760,"Ruidoso, NM",33.745307827254884,-105.45929587178458
40780,"Russellville, AR",35.21106454928212,-93.23466708602095
40820,"Ruston, LA",32.601619365204456,-92.66488722582024
40860,"Rutland, VT",43.580168576027276,-73.03661270745764
40900,"Sacramento-Roseville-Folsom, CA",38.780463154250405,-120.99764131611202
40940,"Safford, AZ",32.93266270452012,-109.8874516275626
40980,"Saginaw, MI",43.33502873105969,-84.05318703444736
41060,"St. Cloud, MN",45.58588285749599,-94.47203353313924
41100,"St. George, UT",37.28040613839849,-113.50471120652455
41140,"St. Joseph, MO-KS",39.83409340461264,-94.78384020552302
41180,"St. Louis, MO-IL",38.7352536237476,-90.35010497807357
41220,"St. Marys, GA",30.92250286889391,-81.63638793712207
41260,"St. Marys, PA",41.425121191331925,-78.64907217970995
41400,"Salem, OH",40.768427746795524,-80.77718655867001
41420,"Salem, OR",44.903361577515476,-122.90314397928097
41460,"Salina, KS",38.95859690647304,-97.6500736385729
41500,"Salinas, CA",36.23977439525211,-121.30890155384147
41540,"Salisbury, MD-DE",38.402205628568616,-75.47717827114998
41620,"Salt Lake City, UT",40.470575826429624,-113.01050729609118
41660,"San Angelo, TX",31.486045242419575,-100.77241969094399
41700,"San Antonio-New Braunfels, TX",29.428763992195158,-98.60226373917263
41740,"San Diego-Chula Vista-Carlsbad, CA",33.02818612476271,-116.77020425009958
41760,"Sandpoint, ID",48.300025002243174,-116.6010613747864
41780,"Sandusky, OH",41.470599904249944,-82.57634603240689
41820,"Sanford, NC",35.47518642056868,-79.17148360803805
41860,"San Francisco-Oakland-Berkeley, CA",37.774109391377586,-122.27410918593081
41900,"San Germán, PR",18.030034820814176,-67.10104317865498
41940,"San Jose-Sunnyvale-Santa Clara, CA",36.910308478706156,-121.37692780284192
41980,"San Juan-Bayamón-Caguas, PR",18.29528544185649,-66.03891681046868
42020,"San Luis Obispo-Paso Robles, CA",35.38744905262925,-120.45219084564266
42100,"Santa Cruz-Watsonville, CA",37.02160590962706,-122.00978740062229
42140,"Santa Fe, NM",35.50692694558197,-105.97627321079472
42180,"Santa Isabel, PR",17.9530033160089,-66.38669382430722
42220,"Santa Rosa-Petaluma, CA",38.52529257327961,-122.92254465312702
42300,"Sault Ste. Marie, MI",46.32817843240274,-84.52936792432763
42340,"Savannah, GA",32.10686332716571,-81.27134839227597
42380,"Sayre, PA",41.788676054303615,-76.5154624131109
42420,"Scottsbluff, NE",42.15930937517969,-103.73820689795691
42460,"Scottsboro, AL",34.77941263249355,-85.99929507870812
42500,"Scottsburg, IN",38.685069937367246,-85.74746809822292
42540,"Scranton--Wilkes-Barre, PA",41.3231887583627,-75.89574612100859
42620,"Searcy, AR",35.25629086131641,-91.74557379277576
42660,"Seattle-Tacoma-Bellevue, WA",47.55747454366987,-121.88142767876116
42680,"Sebastian-Vero Beach, FL",27.69639084712245,-80.57408961490322
42700,"Sebring-Avon Park, FL",27.343379734711696,-81.34103790558622
42740,"Sedalia, MO",38.7282893748475,-93.2850962904116
42780,"Selinsgrove, PA",40.76983249552493,-77.07017142189035
42820,"Selma, AL",32.3259737090214,-87.1064763257575
42860,"Seneca, SC",34.75350237554974,-83.06590109037285
42900,"Seneca Falls, NY",42.78107794157236,-76.82377223776574
42940,"Sevierville, TN",35.78465562058506,-83.52419231096108
42200,"Santa Maria-Santa Barbara, CA",34.53825125810662,-120.03101114084431
42980,"Seymour, IN",38.906417488355984,-86.0375413468077
43020,"Shawano, WI",44.85095205340562,-88.74951930966265
43060,"Shawnee, OK",35.206655654095265,-96.94835999921996
43100,"Sheboygan, WI",43.71970737984782,-87.63477447144727
43140,"Shelby, NC",35.33408980019559,-81.5555432884698
43180,"Shelbyville, TN",35.51379787204556,-86.45888569603491
43220,"Shelton, WA",47.35053513161956,-123.18300977673154
43260,"Sheridan, WY",44.789989274781945,-106.87938313350189
43300,"Sherman-Denison, TX",33.626808552474145,-96.67772538632981
43320,"Show Low, AZ",35.39955033686066,-110.32141934752828
43340,"Shreveport-Bossier City, LA",32.43877609608487,-93.74512304837647
43380,"Sidney, OH",40.331525393974104,-84.2047417545786
43420,"Sierra Vista-Douglas, AZ",31.87963708628258,-109.75126313669315
43460,"Sikeston, MO",37.05302936687574,-89.56856534953673
43500,"Silver City, NM",32.73900255358618,-108.38245576552441
43580,"Sioux City, IA-NE-SD",42.51293367804208,-96.43753668548466
43620,"Sioux Falls, SD",43.499716726486284,-96.99007409201207
43660,"Snyder, TX",32.7463149294497,-100.91640707766533
43700,"Somerset, KY",37.10392689196258,-84.57717629586848
43740,"Somerset, PA",39.972500825038956,-79.02833985919767
43760,"Sonora, CA",38.02760140486879,-119.95475358007388
43780,"South Bend-Mishawaka, IN-MI",41.7736274208408,-86.13414728904061
43900,"Spartanburg, SC",34.930909094271115,-81.99076258132726
43940,"Spearfish, SD",44.35862718048803,-103.79222451534491
43980,"Spencer, IA",43.082580399094375,-95.15091942237919
44020,"Spirit Lake, IA",43.377984763127934,-95.15083006084252
44060,"Spokane-Spokane Valley, WA",48.0811031168041,-117.67084292637611
44100,"Springfield, IL",39.82959457953953,-89.69691402831695
44140,"Springfield, MA",42.364881857535714,-72.6256540698142
44180,"Springfield, MO",37.36167765815639,-93.17707419669271
44220,"Springfield, OH",39.916777915742976,-83.78388971880732
44260,"Starkville, MS",33.51499813420206,-89.07341562633341
44300,"State College, PA",40.919345771994415,-77.81996016478139
44340,"Statesboro, GA",32.3968141770079,-81.74317814122975
44420,"Staunton, VA",38.162869221417374,-79.12892156031796
44460,"Steamboat Springs, CO",40.4850679408482,-106.99119318717719
44500,"Stephenville, TX",32.2362586700104,-98.21796670847831
44540,"Sterling, CO",40.7246687187568,-103.1100957307068
44580,"Sterling, IL",41.75625488018754,-89.91410299163692
44620,"Stevens Point, WI",44.47602631319183,-89.50140067107473
44660,"Stillwater, OK",36.077289689292876,-96.97563585711944
44700,"Stockton, CA",37.9347470322615,-121.27140327522582
44740,"Storm Lake, IA",42.73549362087385,-95.15114885854564
44780,"Sturgis, MI",41.914414245782986,-85.52774467842369
44860,"Sulphur Springs, TX",33.1495558981131,-95.56395016291128
44900,"Summerville, GA",34.475015260693034,-85.34529136086788
44940,"Sumter, SC",33.78993515360008,-80.29866206623106
44980,"Sunbury, PA",40.851934200617514,-76.70945192116777
45000,"Susanville, CA",40.67359037908596,-120.59433283411686
45020,"Sweetwater, TX",32.30349025793006,-100.40605246324634
45060,"Syracuse, NY",43.20096525600744,-76.07695405766788
45140,"Tahlequah, OK",35.90666790680446,-94.99968923990764
45180,"Talladega-Sylacauga, AL",33.380061609888166,-86.16590368724418
45220,"Tallahassee, FL",30.349053282128246,-84.27572573394232
45300,"Tampa-St. Petersburg-Clearwater, FL",28.123415643482904,-82.52852989304112
45340,"Taos, NM",36.57815937000264,-105.63102582163182
45380,"Taylorville, IL",39.545831753145535,-89.27725431243863
45460,"Terre Haute, IN",39.48105566737321,-87.31185120283315
45500,"Texarkana, TX-AR",33.473615557833156,-94.21401719110885
45520,"The Dalles, OR",45.16002246186849,-121.16777516717475
45540,"The Villages, FL",28.704822535174547,-82.08099536339614
45580,"Thomaston, GA",32.88127004237605,-84.29934351461462
45620,"Thomasville, GA",30.863681547516222,-83.91931340935814
45660,"Tiffin, OH",41.12387957737974,-83.12770543993719
45700,"Tifton, GA",31.457437828734342,-83.52659432197117
45740,"Toccoa, GA",34.5540688406359,-83.29318722301903
45780,"Toledo, OH",41.554719302916034,-83.51489588535003
45820,"Topeka, KS",39.04381722637503,-95.80313375313489
45860,"Torrington, CT",41.79249743723094,-73.2453200834558
45900,"Traverse City, MI",44.94142028243264,-85.90575712432108
45940,"Trenton-Princeton, NJ",40.2834374252819,-74.70175239198393
45980,"Troy, AL",31.802708493057214,-85.94090814748952
46020,"Truckee-Grass Valley, CA",39.301369581364845,-120.76875210697666
46060,"Tucson, AZ",32.097399025960826,-111.78986349896063
46100,"Tullahoma-Manchester, TN",35.29794836548018,-86.1160008102603
46140,"Tulsa, OK",36.25041272645889,-96.1662187232671
46180,"Tupelo, MS",34.34226592280853,-88.64853958021166
46220,"Tuscaloosa, AL",33.10980991820203,-87.76446834102863
46300,"Twin Falls, ID",42.435706966612514,-114.57078417521122
46340,"Tyler, TX",32.375035428162434,-95.26918268265845
46380,"Ukiah, CA",39.43362381528901,-123.43155390465267
46420,"Union, SC",34.68953842817452,-81.61908752671462
46460,"Union City, TN",36.35823267058307,-89.14879920368844
46500,"Urbana, OH",40.13767334582957,-83.76949998842754
46520,"Urban Honolulu, HI",23.718640396506412,-164.7367403472079
46540,"Utica-Rome, NY",43.33741798265185,-75.18136514299428
46620,"Uvalde, TX",29.357336178265644,-99.76220527633406
46660,"Valdosta, GA",30.829486657104372,-83.24159608691667
46700,"Vallejo, CA",38.26691341766376,-121.94002291897453
46780,"Van Wert, OH",40.85539824089522,-84.58609912525826
46820,"Vermillion, SD",42.91457130138187,-96.97563762373741
46860,"Vernal, UT",40.12477483991961,-109.51864841701143
46900,"Vernon, TX",34.08072613310604,-99.24105476269503
46980,"Vicksburg, MS",32.35722961401363,-90.85201120859416
47020,"Victoria, TX",28.727942449261903,-97.19502582599985
47080,"Vidalia, GA",32.14225218847439,-82.41220729567156
47180,"Vincennes, IN",38.68913563284715,-87.41799652141927
47220,"Vineland-Bridgeton, NJ",39.3280985807076,-75.12931826873708
47240,"Vineyard Haven, MA",41.388774735735595,-70.69877157766999
47260,"Virginia Beach-Norfolk-Newport News, VA-NC",36.807400121780894,-76.45338692592793
47300,"Visalia, CA",36.22019060240994,-118.80046141511947
47340,"Wabash, IN",40.84569300578795,-85.79400567386055
47380,"Waco, TX",31.426400713655216,-97.08978251158725
47420,"Wahpeton, ND-MN",46.2962857406409,-96.78394896578929
47460,"Walla Walla, WA",46.229843235351986,-118.47840307862432
47540,"Wapakoneta, OH",40.560911399460316,-84.22174383215892
47580,"Warner Robins, GA",32.49029845389798,-83.71203339200848
47620,"Warren, PA",41.81460088619911,-79.2740906683228
47660,"Warrensburg, MO",38.744085485538996,-93.80636749323646
47700,"Warsaw, IN",41.244097338147206,-85.86071768256389
47780,"Washington, IN",38.70240996569477,-87.07206846024042
47820,"Washington, NC",35.48698381500474,-76.84531440545888
47900,"Washington-Arlington-Alexandria, DC-VA-MD-WV",38.798650514524454,-77.48624377759309
47920,"Washington Court House, OH",39.55988300249614,-83.45609728016497
47940,"Waterloo-Cedar Falls, IA",42.53623209846375,-92.47115553205107
47980,"Watertown, SD",44.84788681640882,-97.18849673164176
48020,"Watertown-Fort Atkinson, WI",43.02081424318471,-88.77586582808325
48060,"Watertown-Fort Drum, NY",43.99886177099801,-76.05206866602677
48100,"Wauchula, FL",27.49270948148278,-81.81000593949798
48140,"Wausau-Weston, WI",45.05942738650794,-89.75009819899675
48180,"Waycross, GA",31.137525157741756,-82.36568076487862
48220,"Weatherford, OK",35.6388377297365,-99.00155570104845
48260,"Weirton-Steubenville, WV-OH",40.38803605445528,-80.70426082304948
48300,"Wenatchee, WA",47.81847911452937,-120.26558814519329
48460,"West Plains, MO",36.77403399433944,-91.88654587530853
48500,"West Point, MS",33.65566661208357,-88.78157616722115
48540,"Wheeling, WV-OH",39.974756081553956,-80.84132872392837
48580,"Whitewater, WI",42.668485307368705,-88.5419063738902
48620,"Wichita, KS",37.638671182517704,-97.24542750276886
48660,"Wichita Falls, TX",33.77475217975068,-98.49138725001745
48700,"Williamsport, PA",41.34336627210928,-77.06448477308173
48780,"Williston, ND",48.343675248145544,-103.48018589022242
48820,"Willmar, MN",45.15239181218633,-95.00473992058322
48900,"Wilmington, NC",34.428503776262716,-77.88250629870718
48940,"Wilmington, OH",39.41493770877258,-83.80839977588985
48980,"Wilson, NC",35.70514571385022,-77.91866295392393
49020,"Winchester, VA-WV",39.27218256227038,-78.47391401876563
49060,"Winfield, KS",37.237752660704025,-96.8374891768679
49080,"Winnemucca, NV",41.40684657046145,-118.11196582756365
49100,"Winona, MN",43.986849980912744,-91.77915700467985
49180,"Winston-Salem, NC",36.07667813605739,-80.34582966957244
49220,"Wisconsin Rapids-Marshfield, WI",44.45533123980995,-90.04154848116816
14160,"Bluffton, IN",40.729186646906804,-85.22121985756984
